V1,V2,V3,V4,V5,V6,V7,V8,V9,V10,id,Q17_1,Q17_2,Q17_3,Q17_4,Q1,Q15_1,Q15_2,Q15_3,Q15_4,Q16,Q5_1,Q5_2,Q5_3,Q5_4,Q4_1,Q4_2,Q4_3,Q4_4,Q4_5,Q4_6,Q4_7,Q4_8,Q4_9,Q4_10,Q4_11,Q4_12,Q4_13,Q4_14,Q4_15,Q6_1,Q6_2,Q6_3,Q6_4,Q7,Q7_1,Q7_2,Q7_3,Q7_4,Q8_1,Q8_2,Q8_3,Q8_4,Q8_5,Q8_6,Q8_7,Q8_8,Q8_9,Q8_10,Q8_11,Q8_12,Q8_13,Q8_14,Q8_15,Q9_1,Q9_2,Q9_3,Q9_4,Q10,Q11_1,Q11_2,Q11_3,Q11_4,Q12_1,Q12_2,Q12_3,Q12_4,Q12_5,Q12_6,Q12_7,Q12_8,Q12_9,Q12_10,Q12_11,Q12_12,Q12_13,Q12_14,Q12_15,Q13_1,Q13_2,Q13_3,Q13_4,Q14,LocationLatitude,LocationLongitude,LocationAccuracy,
ResponseID,ResponseSet,Name,ExternalDataReference,EmailAddress,IPAddress,Status,StartDate,EndDate,Finished,id,Timing-First Click,Timing-Last Click,Timing-Page Submit,Timing-Click Count,Consent to Participate in a Research Study Missouri State University Department of Psychology Sur...,Timing-First Click,Timing-Last Click,Timing-Page Submit,Timing-Click Count,"To learn how to take the survey, please watch the following video: YOU MUST USE GOOGLE CHROME TO...",Timing-First Click,Timing-Last Click,Timing-Page Submit,Timing-Click Count,On this page you will complete the survey by answering the questions as your real answers. Please...-I usually manage one way or another. ,On this page you will complete the survey by answering the questions as your real answers. Please...- I feel proud that I have accomplished things in life.,On this page you will complete the survey by answering the questions as your real answers. Please...- I usually take things in stride. ,On this page you will complete the survey by answering the questions as your real answers. Please...- I am friends with myself. ,On this page you will complete the survey by answering the questions as your real answers. Please...- I feel that I can handle many things at a time.,On this page you will complete the survey by answering the questions as your real answers. Please...- I am determined. ,On this page you will complete the survey by answering the questions as your real answers. Please...- I can get through difficult times because I’ve experienced difficulty before.,On this page you will complete the survey by answering the questions as your real answers. Please...- I have self-discipline. ,On this page you will complete the survey by answering the questions as your real answers. Please...- I keep interested in things. ,On this page you will complete the survey by answering the questions as your real answers. Please...- I can usually find something to laugh about. ,On this page you will complete the survey by answering the questions as your real answers. Please...- My belief in myself gets me through hard times.,"On this page you will complete the survey by answering the questions as your real answers. Please...- In an emergency, I’m someone people can generally rely on.",On this page you will complete the survey by answering the questions as your real answers. Please...- My life has meaning. ,"On this page you will complete the survey by answering the questions as your real answers. Please...-When I’m in a difficult situation, I can usually find my way out of it.",On this page you will complete the survey by answering the questions as your real answers. Please...-Please mark strongly agree for this question.,Timing-First Click,Timing-Last Click,Timing-Page Submit,Timing-Click Count,"For the questions I just answered, I was required to answer them by:",Timing-First Click,Timing-Last Click,Timing-Page Submit,Timing-Click Count,On this page you will complete the survey by answering the questions as random answers. Please cl...-I usually manage one way or another. ,On this page you will complete the survey by answering the questions as random answers. Please cl...- I feel proud that I have accomplished things in life.,On this page you will complete the survey by answering the questions as random answers. Please cl...- I usually take things in stride. ,On this page you will complete the survey by answering the questions as random answers. Please cl...- I am friends with myself. ,On this page you will complete the survey by answering the questions as random answers. Please cl...- I feel that I can handle many things at a time.,On this page you will complete the survey by answering the questions as random answers. Please cl...- I am determined. ,On this page you will complete the survey by answering the questions as random answers. Please cl...- I can get through difficult times because I’ve experienced difficulty before.,On this page you will complete the survey by answering the questions as random answers. Please cl...- I have self-discipline. ,On this page you will complete the survey by answering the questions as random answers. Please cl...- I keep interested in things. ,On this page you will complete the survey by answering the questions as random answers. Please cl...- I can usually find something to laugh about. ,On this page you will complete the survey by answering the questions as random answers. Please cl...- My belief in myself gets me through hard times.,"On this page you will complete the survey by answering the questions as random answers. Please cl...- In an emergency, I’m someone people can generally rely on.",On this page you will complete the survey by answering the questions as random answers. Please cl...- My life has meaning. ,"On this page you will complete the survey by answering the questions as random answers. Please cl...-When I’m in a difficult situation, I can usually find my way out of it.",On this page you will complete the survey by answering the questions as random answers. Please cl...-Please mark strongly agree for this question.,Timing-First Click,Timing-Last Click,Timing-Page Submit,Timing-Click Count,"For the questions I just answered, I was required to answer them by:",Timing-First Click,Timing-Last Click,Timing-Page Submit,Timing-Click Count,On this page you will complete the survey by answering the questions using a survey plug in. You...-I usually manage one way or another. ,On this page you will complete the survey by answering the questions using a survey plug in. You...- I feel proud that I have accomplished things in life.,On this page you will complete the survey by answering the questions using a survey plug in. You...- I usually take things in stride. ,On this page you will complete the survey by answering the questions using a survey plug in. You...- I am friends with myself. ,On this page you will complete the survey by answering the questions using a survey plug in. You...- I feel that I can handle many things at a time.,On this page you will complete the survey by answering the questions using a survey plug in. You...- I am determined. ,On this page you will complete the survey by answering the questions using a survey plug in. You...- I can get through difficult times because I’ve experienced difficulty before.,On this page you will complete the survey by answering the questions using a survey plug in. You...- I have self-discipline. ,On this page you will complete the survey by answering the questions using a survey plug in. You...- I keep interested in things. ,On this page you will complete the survey by answering the questions using a survey plug in. You...- I can usually find something to laugh about. ,On this page you will complete the survey by answering the questions using a survey plug in. You...- My belief in myself gets me through hard times.,"On this page you will complete the survey by answering the questions using a survey plug in. You...- In an emergency, I’m someone people can generally rely on.",On this page you will complete the survey by answering the questions using a survey plug in. You...- My life has meaning. ,"On this page you will complete the survey by answering the questions using a survey plug in. You...-When I’m in a difficult situation, I can usually find my way out of it.",On this page you will complete the survey by answering the questions using a survey plug in. You...-Please mark strongly agree for this question.,Timing-First Click,Timing-Last Click,Timing-Page Submit,Timing-Click Count,"For the questions I just answered, I was required to answer them by:",LocationLatitude,LocationLongitude,LocationAccuracy,
R_1n1qnEBjt7W7ijS,Default Response Set,Anonymous,,,,1,2017-07-20 15:41:59,2017-07-20 15:42:24,1,,,,,,1,,,,,,0,0,3.376,0,,,,,,,,,,,,,,,,0,0,1.281,0,,0,0,1.951,0,,,,,,,,,,,,,,,,0,0,1.751,0,,0,0,3.928,0,,,,,,,,,,,,,,,,0,0,1.913,0,,37.215301513672,-93.298202514648,-1,
R_3EaoRp6HWm5aRV2,Default Response Set,Anonymous,,,146.7.9.93,0,2017-07-20 15:54:30,2017-07-20 15:58:34,1,,,,,,1,,,,,,6.735,28.18,29.513,15,5,6,6,5,6,5,6,6,5,5,5,5,5,6,,3.184,3.184,7.684,1,1,6.265,21.055,22.81,15,2,2,5,6,3,6,5,4,2,3,3,4,1,2,,4.37,4.37,6.17,1,3,84.144,94.723,95.68,2,1,2,6,2,3,2,6,5,5,2,3,1,6,3,,12.254,12.254,14.473,1,2,37.215301513672,-93.298202514648,-1,
R_qQ8S7o8TmxNogRb,Default Response Set,Anonymous,,,128.206.28.83,0,2017-07-20 16:20:45,2017-07-20 16:28:11,1,,,,,,1,308.728,308.728,309.861,1,1,4.105,42.36,43.121,14,7,7,5,7,6,7,7,7,5,7,5,7,7,5,,1.381,1.381,2.309,1,1,36.214,50.125,51.158,14,7,4,3,5,2,1,5,6,5,3,4,4,2,5,,4.044,4.044,5.109,1,3,7.344,14.895,15.902,14,1,1,1,1,1,1,1,1,1,1,1,1,1,1,,1.589,1.589,2.485,1,2,38.951705932617,-92.334098815918,-1,
R_3oMTbS1JUTyxp6X,Default Response Set,Anonymous,,,,1,2017-07-21 12:02:07,2017-07-21 12:06:46,1,,3.129,3.129,4.388,1,1,7.144,250.628,253.534,6,1,0,0,3.941,0,,,,,,,,,,,,,,,,0,0,1.614,0,,0,0,1.969,0,,,,,,,,,,,,,,,,0,0,1.597,0,,0,0,4.598,0,,,,,,,,,,,,,,,,0,0,1.907,0,,40.80859375,-74.186897277832,-1,
R_2aK6nhhKyZ2pF0N,Default Response Set,Anonymous,,,146.7.100.134,0,2017-07-21 13:31:46,2017-07-21 13:47:51,1,,5.744,314.148,315.218,3,1,74.231,437.24,438.335,2,1,10.222,55.492,58.834,19,6,7,6,5,6,6,5,7,7,6,6,5,5,6,7,2.368,2.368,5.542,1,1,3.351,38.519,55.49,21,5,5,2,2,4,1,6,7,2,4,7,6,2,3,3,2.379,2.379,3.353,1,3,0,0,75.028,0,5,4,5,7,5,1,4,7,3,6,2,5,4,2,3,1.889,1.889,2.751,1,2,37.215301513672,-93.298202514648,-1,
R_eyt6qd9MuCOcbvz,Default Response Set,Anonymous,,,45.20.72.173,0,2017-07-23 18:36:30,2017-07-23 18:45:33,1,,103.281,103.281,104.668,1,1,289.929,289.929,291.036,1,1,4.575,67.295,68.254,16,6,7,6,4,7,7,5,7,6,6,5,7,7,6,7,3.12,3.12,5.48,1,1,4.136,20.93,22.854,16,2,5,4,5,6,1,3,7,7,3,4,3,4,3,4,1.856,1.856,2.922,1,3,30.606,30.606,36.919,1,2,4,6,2,3,6,7,3,7,7,3,7,6,1,4,1.164,1.164,2.262,1,2,37.148895263672,-93.26139831543,-1,
R_21pkUDWan6cpMi1,Default Response Set,Anonymous,,,173.19.7.80,0,2017-07-24 02:00:11,2017-07-24 02:11:29,1,,170.358,178.821,179.98,2,1,148.31,273.172,280.267,3,1,9.372,108.923,109.669,20,7,6,6,5,6,7,6,5,6,6,6,6,6,7,7,1.791,1.791,3.725,1,1,5.546,29.34,42.033,15,2,7,7,6,1,4,3,1,5,6,4,3,5,5,3,2.243,2.243,4.474,1,3,0,0,44.322,0,5,4,1,4,7,2,5,5,4,5,1,5,3,2,1,2.535,2.535,4.372,1,2,37.218994140625,-93.317596435547,-1,
R_wTuOR5kECjRlNrX,Default Response Set,Anonymous,,,146.7.92.51,0,2017-07-24 14:31:34,2017-07-24 14:37:20,1,,2.859,2.859,6.003,1,1,206.942,206.942,208.22,1,1,4.305,55.539,56.152,18,6,6,6,7,6,7,6,6,6,7,6,5,5,7,7,1.553,1.553,2.573,1,1,2.371,31.564,32.672,20,4,5,3,3,6,1,4,5,6,2,2,2,2,5,3,2.162,2.162,3.448,1,3,1.626,1.626,7.8,1,3,1,5,1,5,2,7,5,3,7,5,5,3,3,3,1.165,1.165,2.394,1,2,37.215301513672,-93.298202514648,-1,
R_1CIS0qxfnW90rig,Default Response Set,Anonymous,,,74.84.99.154,0,2017-07-24 15:11:29,2017-07-24 15:18:02,1,,2.276,2.276,3.491,1,1,267.004,267.004,268.143,1,1,12.817,62.289,67.445,17,7,7,6,5,7,7,7,7,5,6,5,6,7,6,7,1.876,2.391,3.927,2,1,2.558,21.278,22.781,16,2,5,4,7,2,3,3,6,7,5,5,1,3,5,6,1.459,1.459,2.605,1,3,0,0,15.434,0,7,7,6,4,4,3,4,3,5,1,4,4,6,5,1,2.324,2.324,4.102,1,2,37.170196533203,-93.329696655273,-1,
R_WuqM03w7TGD1LtD,Default Response Set,Anonymous,,,146.7.119.5,0,2017-07-24 16:41:05,2017-07-24 16:54:06,1,,4.632,4.632,6.048,1,1,642.459,642.459,643.736,1,1,6.339,62.523,65.598,15,6,7,2,5,3,7,7,6,6,5,3,6,7,5,7,2.017,2.017,3.18,1,1,2.053,18.037,24.672,15,5,2,6,4,5,5,3,3,4,6,1,3,6,3,2,1.786,1.786,3.093,1,3,0,0,28.182,0,5,3,5,6,3,1,2,6,3,7,6,7,4,2,7,1.101,1.101,2.225,1,2,37.215301513672,-93.298202514648,-1,
R_2Vf12xkMMOlnesg,Default Response Set,Anonymous,,,146.7.150.245,0,2017-07-24 17:21:27,2017-07-24 17:30:37,1,,179.766,179.766,183.767,1,1,220.375,220.375,221.718,1,1,8.224,55.665,57.487,15,7,6,5,6,6,6,4,6,5,5,6,6,7,5,7,2.231,2.231,3.38,1,1,1.406,19.367,22.042,15,5,3,2,2,5,3,3,4,1,6,7,4,2,1,6,2.146,2.146,3.173,1,3,39.645,39.645,46.273,1,4,2,4,5,1,2,3,2,6,3,7,4,5,6,7,2.495,2.495,3.689,1,2,37.215301513672,-93.298202514648,-1,
R_3iCsojPMzR65FAn,Default Response Set,Anonymous,,,68.187.242.236,0,2017-07-24 17:47:03,2017-07-24 17:53:38,1,,3.83,5.907,6.877,3,1,3.185,120.381,224.174,2,1,9.205,67.277,68.382,17,6,6,6,5,6,6,6,6,6,5,5,6,5,6,7,6.188,6.188,7.394,1,1,4.418,19.101,20.061,17,4,4,3,3,2,1,1,4,6,1,2,2,5,6,5,1.715,2.799,3.987,2,3,46.991,46.991,52.714,1,7,3,6,7,5,3,1,6,1,7,3,7,7,4,7,1.834,1.834,2.665,1,2,38.802200317383,-90.626998901367,-1,
R_3OktPxT5YEz5wdO,Default Response Set,Anonymous,,,107.193.183.63,0,2017-07-24 18:45:56,2017-07-24 18:54:45,1,,27.529,88.28,90.354,4,1,4.061,173.338,271.418,2,1,2.843,54.719,56.088,16,5,6,4,4,4,5,6,5,6,6,5,6,6,5,7,2.81,2.81,4.752,1,1,3.396,25.914,27.691,18,5,2,6,5,5,4,5,4,2,3,5,3,5,1,2,2.449,2.449,3.943,1,3,47.75,55.26,57.06,2,4,7,5,2,1,2,4,4,5,2,3,6,2,5,2,2.223,2.223,4.046,1,2,37.218994140625,-93.317596435547,-1,
R_1H5DzbeqqX2jYTQ,Default Response Set,Anonymous,,,50.80.170.58,0,2017-07-24 20:11:23,2017-07-24 20:22:34,1,,33.473,164.431,166.49,4,1,3.196,14.124,311.303,2,,8.346,65.129,66.39,16,7,6,5,4,6,7,6,5,5,7,6,7,7,6,7,4.995,4.995,6.62,1,1,3.483,30.359,32.976,18,6,4,5,5,6,3,2,7,2,7,1,4,3,6,5,2.538,2.538,4.245,1,3,59.129,60.543,72.487,2,5,5,4,5,4,2,5,7,6,3,7,7,1,4,7,3.331,3.331,4.896,1,2,37.170196533203,-93.329696655273,-1,
R_2UYI56L68sfS7sL,Default Response Set,Anonymous,,,162.205.162.132,0,2017-07-24 20:14:36,2017-07-24 20:24:03,1,,4.763,56.076,63.01,5,1,19.288,275.469,276.636,7,1,12.901,85.095,86.824,21,5,5,4,6,3,4,6,6,5,5,5,6,6,5,7,6.21,6.21,8.089,1,1,6.554,50.229,52.475,20,3,7,3,5,3,3,4,3,5,6,2,7,4,2,1,2.975,2.975,4.718,1,3,8.705,58.874,61.825,8,1,6,3,1,7,1,6,2,5,7,7,4,2,2,3,2.733,2.733,5.361,1,2,37.218994140625,-93.317596435547,-1,
R_11gPPgxIjVIqYCU,Default Response Set,Anonymous,,,74.84.99.154,0,2017-07-24 20:22:00,2017-07-24 20:29:19,1,,16.113,16.113,17.932,1,1,255.28,255.28,257.048,1,1,8.128,64.13,66.519,19,4,5,5,5,5,7,7,4,6,6,4,7,6,5,7,2.548,2.548,4.105,1,1,7.058,41.666,44.651,20,6,2,1,5,2,4,4,3,4,3,3,4,4,3,3,3.22,3.22,6.302,1,3,0,0,11.348,0,2,6,1,1,1,7,3,5,7,1,7,6,3,1,2,1.815,1.815,3.254,1,2,37.170196533203,-93.329696655273,-1,
R_vkjEXQOMgooAZVL,Default Response Set,Anonymous,,,98.180.177.23,0,2017-07-24 22:08:22,2017-07-24 22:15:05,1,,5.452,5.452,7.789,1,1,10.13,12.448,237.356,2,1,1.972,77.657,81.57,17,5,7,4,6,6,7,5,6,7,6,6,7,7,5,7,1.854,1.854,2.835,1,1,2.618,19.758,22.058,18,1,2,5,6,2,2,2,3,7,1,1,3,4,4,5,2.592,2.592,4.056,1,3,26.171,26.171,28.272,1,6,7,3,2,4,2,4,6,2,5,5,1,2,5,7,5.492,5.492,7.156,1,2,36.175003051758,-115.13719940186,-1,
R_2rjEJtBTL1QMbYD,Default Response Set,Anonymous,,,162.192.214.130,0,2017-07-25 10:33:01,2017-07-25 10:41:30,1,,2.23,3.779,4.862,2,1,3.806,42.878,293.845,3,1,6.895,122.231,123.278,16,5,4,4,4,6,7,6,5,4,4,6,7,7,5,7,2.403,2.403,3.38,1,1,3.235,20.855,22.078,16,1,4,3,1,4,7,5,2,1,1,2,2,5,6,4,1.921,1.921,5.054,1,3,11.137,46.978,49.827,18,3,2,2,5,3,1,6,3,4,3,2,1,1,3,7,2.305,2.305,3.693,1,2,37.148895263672,-93.26139831543,-1,
R_3CQJV9Zvm30y133,Default Response Set,Anonymous,,,75.169.228.174,0,2017-07-25 10:53:02,2017-07-25 11:00:40,1,,45.969,45.969,47.862,1,1,156.635,278.034,279.646,2,1,7.055,51.53,53.313,15,6,7,6,5,6,6,6,5,6,6,6,6,6,6,7,1.436,1.436,2.581,1,1,5.27,27.355,31.262,16,3,2,1,3,7,1,5,2,5,2,6,4,3,7,4,2.474,2.474,4.395,1,3,8.692,21.704,31.912,4,7,5,4,6,4,4,7,7,6,1,2,4,7,6,7,1.232,1.232,2.672,1,2,40.624694824219,-111.71230316162,-1,
R_zcbKc0AzX9CPot3,Default Response Set,Anonymous,,,146.7.118.228,0,2017-07-25 11:34:39,2017-07-25 11:41:44,1,,43.692,43.692,44.82,1,1,254.629,254.629,255.577,1,1,4.092,66.926,72.273,22,6,6,5,6,4,5,3,5,6,6,5,6,6,6,7,1.508,1.508,2.367,1,1,2.727,18.458,24.566,16,7,4,6,2,2,3,7,6,3,5,3,5,4,1,5,1.694,1.694,2.817,1,3,0,0,16.04,0,4,5,2,3,1,5,1,6,6,2,2,3,3,2,1,2.205,2.205,3.095,1,2,37.215301513672,-93.298202514648,-1,
R_cOL8mySNDf6Mbg5,Default Response Set,Anonymous,,,174.126.29.63,0,2017-07-25 17:13:57,2017-07-25 17:30:35,1,,3.67,5.133,6.297,2,1,7.277,834.596,835.749,3,1,10.166,75.132,76.4,19,6,5,5,5,6,5,6,3,6,6,4,7,2,6,7,4.81,5.915,6.83,2,1,4.96,25.419,27.039,18,5,2,1,6,3,4,1,5,5,5,5,6,3,6,4,2.997,2.997,4.585,1,3,29.902,29.902,31.064,1,1,4,2,6,2,1,5,2,7,2,7,7,5,4,1,2.531,2.531,4.009,1,2,37.120498657227,-94.497703552246,-1,
R_4O8LM4TuRhsjhQJ,Default Response Set,Anonymous,,,146.7.4.89,0,2017-07-24 20:49:33,2017-07-25 17:41:23,1,,74512.081,74512.081,74529.184,1,1,349.825,349.825,351.979,1,1,12.685,125.343,127.977,20,5,7,3,4,4,7,5,5,6,6,5,6,7,5,7,2.52,2.52,4.059,1,1,12.671,52.064,62.589,17,7,4,3,1,3,6,5,2,3,7,4,4,2,6,5,3.023,3.023,4.408,1,3,0,0,20.088,0,5,4,2,6,6,1,5,7,3,2,5,1,3,3,6,2.003,2.003,3.326,1,2,37.215301513672,-93.298202514648,-1,
R_3MRuD7hext0WthU,Default Response Set,Anonymous,,,71.14.222.137,0,2017-07-25 18:19:41,2017-07-25 18:27:03,1,,0,0,3.332,0,,228.979,228.979,338.975,1,1,9.674,48.938,49.746,16,6,6,5,5,6,7,6,6,6,7,6,7,6,6,7,1.517,1.517,2.767,1,1,3.188,15.765,17.082,15,2,2,1,2,5,4,4,6,5,1,3,7,3,6,3,2.052,2.052,3.05,1,3,0,0,14.571,0,5,7,4,2,7,3,3,3,1,4,6,6,5,6,7,2.896,2.896,4.246,1,2,37.881301879883,-90.144203186035,-1,
R_1EjofcUrOrSsp8t,Default Response Set,Anonymous,,,99.45.214.213,0,2017-07-25 20:20:55,2017-07-25 20:30:46,1,,3.165,3.165,5.117,1,1,4.733,211.012,328.216,12,1,14.354,96.628,97.985,16,7,6,6,7,6,6,2,5,5,7,7,6,6,7,7,2.79,2.79,4.317,1,1,2.588,23.187,30.06,20,3,5,7,5,2,5,5,4,2,1,4,7,5,2,3,2.192,2.192,3.581,1,3,0,0,11.272,0,5,1,3,5,6,5,6,2,5,4,6,4,4,3,1,2.123,2.123,3.453,1,2,37.170196533203,-93.329696655273,-1,
R_2OUT92wE5w07hqX,Default Response Set,Anonymous,,,99.50.200.99,0,2017-07-25 21:14:26,2017-07-25 21:38:26,1,,4.024,4.024,5.155,1,1,186.533,186.533,188.394,1,1,3.359,13.189,14.44,16,5,5,5,6,5,4,6,5,5,4,5,5,5,5,5,2.209,2.209,2.95,1,1,3.991,31.327,32.483,18,4,3,4,7,3,6,5,3,5,6,5,2,2,2,1,2.16,2.16,3.187,1,3,264.125,489.634,490.6,27,4,4,5,5,5,5,5,5,5,4,5,5,4,5,2,7.243,7.243,10.15,1,2,32.889694213867,-117.13359832764,-1,
R_CaCsbuyG0hOG6iJ,Default Response Set,Anonymous,,,173.46.251.68,0,2017-07-25 23:37:06,2017-07-26 00:02:11,1,,362.682,362.682,364.616,1,1,902.38,902.38,928.374,1,1,17.349,80.422,82.786,15,6,6,7,3,6,7,7,5,6,7,6,7,5,7,7,1.777,1.777,3.029,1,1,4.55,26.683,29.062,15,4,2,3,7,1,1,2,3,4,6,5,7,2,6,6,2.572,2.572,4.136,1,3,69.97,71.522,79.125,2,3,3,5,1,6,7,6,6,6,1,1,5,7,5,4,3.389,3.389,4.682,1,2,37.170196533203,-93.329696655273,-1,
R_R9ygJnsGf8NKPO9,Default Response Set,Anonymous,,,146.7.4.71,0,2017-07-26 13:10:55,2017-07-26 13:18:55,1,,21.706,70.553,72.004,3,1,3.994,263.005,267.117,2,1,3.579,57.107,58.299,17,6,7,5,4,5,6,7,5,6,6,4,6,5,5,7,2.08,2.08,3.763,1,1,3.379,25.806,26.789,17,4,4,6,1,3,4,6,7,2,3,6,2,3,3,6,1.077,1.077,2.211,1,3,4.385,35.896,37.353,3,6,1,2,1,1,3,2,7,5,1,1,2,7,5,6,1.598,2.328,3.619,2,2,37.215301513672,-93.298202514648,-1,
R_ZdWA3juVfHvtD7r,Default Response Set,Anonymous,,,104.49.46.159,0,2017-07-26 14:57:56,2017-07-26 15:16:46,1,,599.109,599.109,600.221,1,1,405.859,405.859,407.365,1,1,5.379,57.988,59.83,16,6,7,5,7,6,6,6,6,6,6,6,5,7,6,7,1.668,1.668,2.737,1,1,4.526,22.558,23.674,16,4,6,3,2,3,7,5,5,3,2,3,2,4,4,1,1.521,1.521,2.77,1,3,0,0,18.394,0,3,2,5,3,5,5,7,7,6,3,4,6,7,3,7,2.847,2.847,4.037,1,2,37.116806030273,-93.321296691895,-1,
R_31BDzMwjxc0zbxm,Default Response Set,Anonymous,,,173.26.34.46,0,2017-07-26 18:39:24,2017-07-26 18:45:16,1,,1.734,34.414,36.212,2,1,165.925,165.925,167.281,1,1,8.77,76.677,77.812,16,5,1,5,1,3,5,6,7,5,5,1,7,1,4,7,3.825,3.825,5.38,1,1,4.189,40.07,41.557,19,3,2,5,4,6,3,3,5,3,5,3,3,4,5,5,2.33,2.33,3.425,1,3,0,0,10.672,0,1,7,6,7,2,2,1,5,6,6,5,3,3,5,3,2.698,2.698,3.918,1,2,37.299896240234,-93.308403015137,-1,
R_25HeWM2D4CWrfMJ,Default Response Set,Anonymous,,,75.98.102.133,0,2017-07-26 23:28:36,2017-07-26 23:38:59,1,,4.312,4.312,6.03,1,1,48.551,113.819,262.518,6,1,14.829,52.821,54.002,17,6,6,6,6,6,6,6,6,6,6,6,6,6,6,7,1.963,1.963,4.673,1,1,60.676,110.886,112.07,17,7,6,6,7,5,6,6,5,5,5,6,6,6,6,7,9.083,9.083,12.741,1,2,8.541,74.355,76.854,15,6,6,6,6,6,6,6,6,6,6,6,6,6,6,7,1.567,1.567,5.016,1,2,37.206100463867,-93.303199768066,-1,
R_3fcKglNLqyeEFj4,Default Response Set,Anonymous,,,173.20.163.221,0,2017-07-27 11:57:57,2017-07-27 12:09:10,1,,8.102,8.102,9.894,1,1,169.555,169.555,170.769,1,1,220.246,296.912,300.721,19,5,5,5,5,5,6,6,6,5,7,4,4,6,5,7,8.827,8.827,9.907,1,1,4.768,16.075,16.977,17,6,6,5,4,6,6,6,6,6,5,6,6,5,6,6,1.549,1.549,2.353,1,3,94.819,114.409,118.614,2,2,4,3,6,6,2,1,4,7,3,3,7,5,7,3,2.993,2.993,4.518,1,2,37.170196533203,-93.329696655273,-1,
R_UWpR4VWfnIOQI9P,Default Response Set,Anonymous,,,173.216.248.26,0,2017-07-27 12:52:51,2017-07-27 13:16:19,1,,861.799,864.376,865.862,2,1,2.927,214.671,215.948,2,1,4.744,104.567,106.706,17,7,6,5,7,5,5,7,5,5,7,5,6,5,6,7,2.848,2.848,3.999,1,1,3.947,24.256,29.54,17,4,4,5,3,3,3,1,3,7,4,1,5,2,3,4,2.055,2.055,3.057,1,3,34.141,136.368,137.49,5,2,6,4,2,1,1,3,5,5,2,1,7,4,3,6,2.126,2.126,3.248,1,2,36.66960144043,-93.261497497559,-1,
R_2YVRixh5iejWifw,Default Response Set,Anonymous,,,162.194.116.159,0,2017-07-27 14:00:08,2017-07-27 14:10:49,1,,136.635,136.635,138.25,1,1,279.442,279.442,297.639,1,1,8.435,74.515,75.551,15,5,7,5,6,5,5,6,5,5,6,6,7,6,6,7,3.351,3.351,4.681,1,1,4.224,28.034,32.87,17,7,6,3,5,3,7,4,3,2,6,5,4,4,5,6,3.304,3.304,4.866,1,3,0,0,76.085,0,2,3,7,5,5,1,3,2,3,5,4,1,4,7,7,6.089,6.089,7.324,1,2,36.101303100586,-94.269996643066,-1,
R_2bNJqQnw10cLHaP,Default Response Set,Anonymous,,,73.25.144.191,0,2017-07-27 16:34:20,2017-07-27 16:42:35,1,,2.663,2.663,3.59,1,1,264.149,264.149,265.734,1,1,10.582,72.78,77.451,18,7,7,5,4,6,7,6,7,3,6,3,5,7,6,7,1.762,1.762,2.808,1,1,3.93,18.505,29.059,15,1,6,1,7,6,3,5,6,4,6,4,3,2,4,4,1.358,1.358,2.876,1,3,26.066,26.066,60.937,1,2,4,2,4,7,2,5,1,1,5,6,2,7,4,4,1.961,1.961,3.848,1,2,45.620101928711,-122.57749938965,-1,
R_2WwjRVeGssQPlcc,Default Response Set,Anonymous,,,146.7.4.76,0,2017-07-25 19:12:50,2017-07-27 22:15:36,1,,1.132,2.396,3.189,4,1,1.262,1178.664,1180.482,2,1,8.848,71.969,74.39,41,5,4,4,4,4,5,6,5,5,5,4,6,4,6,7,1.827,1.834,2.607,2,1,0,0,21.781,0,3,6,5,6,4,5,1,6,2,6,3,1,4,5,1,7.633,7.633,9.496,1,2,9.232,21.7,38.831,6,2,6,4,4,4,4,7,3,4,3,6,2,2,5,4,2.423,4.252,4.987,2,2,37.215301513672,-93.298202514648,-1,
R_3xC3Hdvt6K4YZA5,Default Response Set,Anonymous,,,75.132.48.151,0,2017-07-29 15:31:38,2017-07-29 15:41:50,1,,37.045,37.045,38.745,1,1,246.18,246.18,247.829,1,1,15.861,100.146,103.577,20,5,5,3,3,3,6,6,5,5,3,3,5,4,5,7,3.756,3.756,6.136,1,1,6.684,24.43,25.637,15,5,5,6,6,3,3,5,4,4,5,4,2,1,2,2,3.81,3.81,5.769,1,3,34.02,126.002,131.2,5,5,2,5,5,2,3,1,5,7,3,6,7,4,3,6,2.859,2.859,4.043,1,2,38.451202392578,-90.327796936035,-1,
R_1Kq0VwbmzzEGtWe,Default Response Set,Anonymous,,,45.59.1.170,0,2017-07-29 20:31:14,2017-07-29 20:36:25,1,,4.456,4.456,6.777,1,1,167.738,167.738,169.399,1,1,8.1,54.861,55.791,15,6,6,6,6,7,6,5,5,6,7,6,7,7,5,7,1.416,1.416,2.737,1,1,5.311,23.178,24.27,17,5,1,4,2,6,1,2,5,7,6,3,3,2,4,1,1.624,1.624,2.801,1,3,0,0,40.552,0,5,2,6,4,5,4,1,5,4,4,1,1,2,4,5,1.866,1.866,3.513,1,2,37.148895263672,-93.26139831543,-1,
R_1LGxgOTrBVRQeg8,Default Response Set,Anonymous,,,107.210.96.233,0,2017-07-30 12:58:14,2017-07-30 13:04:03,1,,32.291,64.632,66.008,2,1,125.546,134.445,147.137,2,1,2.073,56.449,57.981,19,3,7,6,6,6,6,5,6,6,5,5,7,7,5,7,2.455,2.455,3.675,1,1,0.775,30.319,31.359,17,4,7,3,6,6,5,2,7,5,4,3,5,2,7,5,1.815,1.815,2.943,1,3,1.305,27.957,31.327,3,5,2,6,2,3,4,7,4,3,6,1,1,2,1,3,2.273,2.273,3.745,1,2,37.218994140625,-93.317596435547,-1,
R_2e255957z1IUmyv,Default Response Set,Anonymous,,,108.230.187.26,0,2017-07-28 20:41:39,2017-07-30 13:55:25,1,,6.019,8.373,9.844,3,1,7.258,148142.636,148151.693,2,1,15.417,66.589,68.044,15,7,7,5,6,7,6,7,6,7,6,7,7,7,6,7,1.688,1.688,2.675,1,1,1.692,19.402,22.588,16,4,5,4,3,6,3,2,7,1,7,6,1,3,4,5,1.002,2.527,3.615,2,3,60.723,67.237,76.301,3,7,7,2,5,4,1,5,7,3,6,7,4,5,4,7,1.589,1.589,3.259,1,2,37.170196533203,-93.329696655273,-1,
R_3G8GWdujjD5x3Gk,Default Response Set,Anonymous,,,173.19.63.8,0,2017-07-31 00:09:50,2017-07-31 00:18:37,1,,6.569,8.232,10.603,2,1,3.599,390.111,391.544,2,1,4.959,60.9,61.885,19,7,5,5,7,5,7,7,6,3,6,7,7,6,5,7,2.225,2.225,3.31,1,1,14.235,14.235,15.591,1,4,6,4,1,6,2,7,2,7,1,3,6,1,5,6,2.182,2.182,3.829,1,2,1.821,32.011,33.229,19,5,7,2,6,5,3,3,5,4,2,4,1,2,7,3,1.528,1.528,2.564,1,3,37.299896240234,-93.308403015137,-1,
R_vAeM7PJaiEwc88x,Default Response Set,Anonymous,,,146.7.4.73,0,2017-07-24 14:48:45,2017-07-24 14:49:36,0,,2.066,2.066,3.057,1,1,,,,,,,,,,,,,,,,,,,,,,,,,,,,,,,,,,,,,,,,,,,,,,,,,,,,,,,,,,,,,,,,,,,,,,,,,,,,,,,,-1,
R_1NDieA2pN3ZG7Ta,Default Response Set,Anonymous,,,173.46.250.195,0,2017-07-31 22:09:56,2017-07-31 22:15:44,1,,2.444,2.444,4.082,1,1,3.08,3.08,165.368,1,1,7.161,56.737,57.875,16,6,3,4,6,5,4,6,4,5,5,4,6,2,6,7,2.168,2.168,3.51,1,1,4.083,48.232,50.4,18,2,6,2,2,3,2,7,3,5,6,4,5,4,5,1,2.157,2.157,3.208,1,3,0,0,53.489,0,3,3,5,7,6,2,7,5,5,7,2,6,1,5,4,3.15,3.15,4.932,1,2,37.170196533203,-93.329696655273,-1,
R_Ut0t5Bcbhx2Hozf,Default Response Set,Anonymous,,,66.119.4.242,0,2017-07-25 15:41:04,2017-07-25 15:42:20,0,,4.967,4.967,5.792,1,1,,,,,,,,,,,,,,,,,,,,,,,,,,,,,,,,,,,,,,,,,,,,,,,,,,,,,,,,,,,,,,,,,,,,,,,,,,,,,,,,-1,
R_1IgBEhxJSWtZwYI,Default Response Set,Anonymous,,,4.16.109.121,0,2017-07-25 16:45:15,2017-07-25 16:45:43,0,,3.255,4.063,4.572,2,1,,,,,,,,,,,,,,,,,,,,,,,,,,,,,,,,,,,,,,,,,,,,,,,,,,,,,,,,,,,,,,,,,,,,,,,,,,,,,,,,-1,
R_33eujRN3Gzk20fU,Default Response Set,Anonymous,,,97.127.139.186,0,2017-08-01 20:11:38,2017-08-01 20:16:17,1,,5.044,5.044,8.699,1,1,4.942,29.228,157.123,2,1,8.085,48.437,49.388,16,6,6,5,7,7,7,7,6,6,6,5,7,7,6,7,1.386,1.386,2.639,1,1,17.73,38.6,40.544,11,7,5,5,6,5,7,2,4,6,3,1,1,1,3,2,1.982,1.982,3.151,1,3,0,0,6.921,0,7,5,4,6,3,6,6,6,6,7,6,2,4,6,2,2.028,2.028,3.134,1,2,42.060394287109,-91.585800170898,-1,
R_1RB86R5h7kqlIZz,Default Response Set,Anonymous,,,99.45.214.213,0,2017-07-25 16:24:07,2017-07-25 20:27:27,0,,0,0,4.512,0,,,,,,,,,,,,,,,,,,,,,,,,,,,,,,,,,,,,,,,,,,,,,,,,,,,,,,,,,,,,,,,,,,,,,,,,,,,,,,,,,-1,
R_1Ebo11gjzNLYOBD,Default Response Set,Anonymous,,,99.50.200.99,0,2017-07-25 21:30:20,2017-07-25 21:36:08,0,,0,0,5.59,0,,,,,,,,,,,,,,,,,,,,,,,,,,,,,,,,,,,,,,,,,,,,,,,,,,,,,,,,,,,,,,,,,,,,,,,,,,,,,,,,,-1,
R_12RMvhT6NfOFmuV,Default Response Set,Anonymous,,,146.7.92.51,0,2017-07-24 14:38:06,2017-07-26 10:43:33,0,,4.269,4.269,7.909,1,1,,,,,,,,,,,,,,,,,,,,,,,,,,,,,,,,,,,,,,,,,,,,,,,,,,,,,,,,,,,,,,,,,,,,,,,,,,,,,,,,-1,
R_3sgBktpku93GaRO,Default Response Set,Anonymous,,,69.247.210.131,0,2017-07-31 11:53:00,2017-08-02 14:06:22,1,,17.64,17.64,19.183,1,1,186.689,186.689,189.174,1,1,15.392,60.601,62.672,16,6,7,7,7,7,7,7,6,6,7,6,6,7,6,7,1.822,1.822,3.104,1,1,7.579,23.59,27.974,18,5,1,3,4,2,5,7,6,1,2,5,3,1,7,3,2.374,2.374,3.962,1,3,3.495,35.918,49.569,19,3,3,2,1,3,5,1,2,4,6,5,7,2,6,6,2.229,2.229,3.746,1,2,39.005004882812,-94.249900817871,-1,
R_cIr33Z9rL4ranMR,Default Response Set,Anonymous,,,73.91.161.98,0,2017-08-03 10:49:45,2017-08-03 10:56:17,1,,0,0,3.731,0,,10.296,10.296,200.399,1,,7.81,46.466,48.191,16,6,5,6,6,5,5,5,5,6,6,6,5,6,5,7,1.497,1.497,2.64,1,1,1.746,20.404,22.065,16,1,5,5,4,4,4,7,1,4,3,3,7,6,2,4,1.488,1.488,2.188,1,3,10.451,10.451,21.611,1,1,3,3,5,5,7,4,2,4,4,2,7,7,7,2,1.466,1.466,2.616,1,2,34.917999267578,-89.821601867676,-1,
R_3qdoMvfX5dhYIKz,Default Response Set,Anonymous,,,108.218.219.155,0,2017-08-03 22:23:36,2017-08-03 22:35:44,1,,316.791,316.791,318.433,1,1,275.837,275.837,278.004,1,1,11.571,73.084,74.155,17,6,7,5,6,5,6,7,4,3,6,7,7,7,3,7,1.346,1.346,2.833,1,1,2.906,19.449,24.973,15,3,3,2,2,5,1,6,4,7,3,6,1,6,5,4,2.299,2.299,3.668,1,3,0,0,15.789,0,5,4,4,2,6,2,2,6,5,1,3,5,6,5,4,2.158,2.158,4.462,1,2,37.148895263672,-93.26139831543,-1,
R_1NlkGv62OxfToJL,Default Response Set,Anonymous,,,24.107.191.88,0,2017-07-27 23:11:35,2017-07-27 23:16:06,0,,6.019,6.019,7.205,1,1,,,,,,,,,,,,,,,,,,,,,,,,,,,,,,,,,,,,,,,,,,,,,,,,,,,,,,,,,,,,,,,,,,,,,,,,,,,,,,,,-1,
R_33fIfTZIZqUAZUp,Default Response Set,Anonymous,,,24.107.191.88,0,2017-07-27 23:16:52,2017-07-27 23:19:22,0,,3.884,3.884,5.822,1,1,,,,,,,,,,,,,,,,,,,,,,,,,,,,,,,,,,,,,,,,,,,,,,,,,,,,,,,,,,,,,,,,,,,,,,,,,,,,,,,,-1,
R_2Yy7SoecMwBuh9a,Default Response Set,Anonymous,,,205.175.226.102,0,2017-07-28 07:42:21,2017-07-28 07:47:18,0,,2.724,3.368,4.874,2,1,,,,,,,,,,,,,,,,,,,,,,,,,,,,,,,,,,,,,,,,,,,,,,,,,,,,,,,,,,,,,,,,,,,,,,,,,,,,,,,,-1,
R_1CpfjkkEZUTQXvQ,Default Response Set,Anonymous,,,24.217.177.20,0,2017-08-04 23:36:32,2017-08-04 23:46:11,1,,5.291,8.055,9.874,2,1,5.379,304.823,308.558,4,1,6.3,64.048,65.256,17,5,6,3,5,6,6,7,5,4,6,6,5,5,5,7,2.06,2.06,4.038,1,1,6.149,56.45,58.168,18,4,4,5,3,4,6,7,4,3,2,5,3,4,2,5,2.468,2.468,3.958,1,3,5.936,48.504,49.987,20,1,3,7,4,4,5,4,5,4,2,3,7,5,2,6,7.702,7.702,9.765,1,2,37.814605712891,-90.552101135254,-1,
R_2wN2WLj34rCbr0e,Default Response Set,Anonymous,,,73.93.56.236,0,2017-07-29 11:31:57,2017-07-29 11:33:00,0,,7.649,7.649,9.293,1,1,,,,,,,,,,,,,,,,,,,,,,,,,,,,,,,,,,,,,,,,,,,,,,,,,,,,,,,,,,,,,,,,,,,,,,,,,,,,,,,,-1,
R_OBweh4CdaPl8QMN,Default Response Set,Anonymous,,,75.98.102.137,0,2017-07-29 21:17:37,2017-07-29 21:18:34,0,,3.845,3.845,5.569,1,1,,,,,,,,,,,,,,,,,,,,,,,,,,,,,,,,,,,,,,,,,,,,,,,,,,,,,,,,,,,,,,,,,,,,,,,,,,,,,,,,-1,
R_21jnLgiUb2Qf7gZ,Default Response Set,Anonymous,,,173.46.250.195,0,2017-07-31 22:06:19,2017-07-31 22:06:37,0,,2.866,2.866,4.195,1,1,,,,,,,,,,,,,,,,,,,,,,,,,,,,,,,,,,,,,,,,,,,,,,,,,,,,,,,,,,,,,,,,,,,,,,,,,,,,,,,,-1,
R_21nO6EMvufmlO5L,Default Response Set,Anonymous,,,73.217.15.58,0,2017-08-03 18:57:19,2017-08-03 18:57:50,0,,4.123,4.123,5.888,1,1,,,,,,,,,,,,,,,,,,,,,,,,,,,,,,,,,,,,,,,,,,,,,,,,,,,,,,,,,,,,,,,,,,,,,,,,,,,,,,,,-1,
R_uxeA3nUU4LFcWtj,Default Response Set,Anonymous,,,75.98.102.137,0,2017-07-27 22:16:00,2017-08-04 10:59:04,0,,3.704,10.497,11.291,3,1,,,,,,,,,,,,,,,,,,,,,,,,,,,,,,,,,,,,,,,,,,,,,,,,,,,,,,,,,,,,,,,,,,,,,,,,,,,,,,,,-1,
R_0pr4B7sXIlA2J2h,Default Response Set,Anonymous,,,162.205.166.58,0,2017-08-04 21:00:10,2017-08-04 21:08:22,0,,7.766,7.766,24.391,1,1,,,,,,,,,,,,,,,,,,,,,,,,,,,,,,,,,,,,,,,,,,,,,,,,,,,,,,,,,,,,,,,,,,,,,,,,,,,,,,,,-1,
R_3lrGgv3DrW9gbcr,Default Response Set,Anonymous,,,70.195.72.62,0,2017-08-05 00:55:19,2017-08-05 01:00:59,0,,2.386,37.767,41.339,12,,263.985,264.007,265.127,2,1,,,,,,,,,,,,,,,,,,,,,,,,,3.28,22.098,22.807,41,3,6,2,6,7,5,7,2,4,4,6,4,6,6,1,1.659,1.665,2.311,2,3,,,,,,,,,,,,,,,,,,,,,,,,,,,-1,
R_3e3OUnkG4Au4psp,Default Response Set,Anonymous,,,173.20.123.241,0,2017-08-27 16:47:58,2017-08-27 16:51:16,1,46491,19.255,19.255,20.653,1,1,6.683,6.683,145.401,1,1,1.446,6.186,6.201,3,,,,,,,,,,,2,,,,,0.942,0.942,1.915,1,3,3.251,8.199,8.216,2,,,,,,,,,,3,,,,,,1.319,1.319,2.141,1,2,0.734,5.552,5.561,2,,,,,,,,,,2,,,,,,0.836,1.939,2.355,2,3,37.218994140625,-93.317596435547,-1,
R_3lsikMXXnqagVWq,Default Response Set,Anonymous,,,162.237.234.228,0,2017-08-27 17:19:25,2017-08-27 17:25:23,1,53859,17.023,17.023,20.531,1,1,162.832,162.832,164.558,1,1,9.113,92.542,96.075,17,7,6,5,5,1,6,6,7,3,3,4,1,1,5,7,3.178,3.178,4.306,1,1,3.887,38.338,39.309,24,3,4,7,2,2,4,2,3,4,4,4,6,5,4,3,2.221,2.221,3.019,1,3,12.079,12.079,17.426,1,4,4,7,2,6,5,1,4,3,7,3,4,3,7,3,2.032,2.032,3.123,1,2,37.116806030273,-93.321296691895,-1,
R_2ylKM8sx7a99rai,Default Response Set,Anonymous,,,146.7.4.88,0,2017-08-27 17:48:11,2017-08-27 17:53:12,1,51675,4.182,30.375,32.191,3,1,2.591,122.728,126.077,2,1,7.936,32.732,33.612,17,7,7,1,2,5,3,3,3,2,4,7,5,6,1,3,1.861,1.861,3.431,1,3,3.285,40.805,41.697,16,6,7,6,5,6,7,7,6,7,6,7,7,7,6,7,5.011,5.011,6.537,1,1,3.125,20.916,21.964,3,5,5,3,5,7,5,1,5,2,6,6,5,5,3,6,2.117,2.117,3.264,1,2,37.215301513672,-93.298202514648,-1,
R_PCIAlh7C0femLGp,Default Response Set,Anonymous,,,146.7.4.92,0,2017-08-27 19:02:46,2017-08-27 19:09:15,1,53256,32.446,32.446,34.13,1,1,203.113,203.113,205.824,1,1,2.902,42.054,43.938,26,6,2,4,4,2,5,6,2,6,2,6,1,4,2,3,1.824,1.824,3.339,1,3,0,0,18.503,0,7,7,3,5,2,3,1,3,3,2,2,2,6,4,3,1.945,1.945,4.009,1,2,8.764,67.759,68.727,15,6,6,5,4,6,6,7,5,3,2,3,7,4,6,7,2.089,2.089,4.234,1,1,37.215301513672,-93.298202514648,-1,
R_3KNIMzY0qBLbR07,Default Response Set,Anonymous,,,146.7.4.84,0,2017-08-27 19:14:38,2017-08-27 19:23:11,1,53064,14.181,37.085,61.92,5,1,8.08,191.078,193.833,4,1,7.867,132.689,134.32,20,5,3,4,1,6,4,4,6,5,4,1,7,3,5,7,2.273,2.273,3.78,1,1,3.071,60.406,62.003,20,7,3,4,6,3,1,5,5,7,1,3,1,1,3,5,2.222,2.222,23.548,1,3,3.139,19.978,22.212,4,6,5,3,3,5,3,5,6,1,1,5,7,7,7,4,2.561,2.561,4.405,1,2,37.215301513672,-93.298202514648,-1,
R_2rBzS0XpZf6sTdr,Default Response Set,Anonymous,,,107.77.209.96,0,2017-08-27 18:59:22,2017-08-27 20:26:43,1,53562,4.286,8.349,9.911,12,1,4.405,261.744,292.979,59,1,7.318,103.443,105.178,22,6,6,2,4,6,7,6,6,6,6,6,7,7,7,7,3.071,3.071,5.16,1,1,9.52,43.773,45.368,17,4,7,4,3,1,5,3,4,2,7,2,2,7,1,6,4.6,4.6,6.573,1,3,10.338,10.338,11.997,1,6,6,7,4,4,7,7,6,3,4,4,7,6,2,7,3.342,3.342,6.414,1,2,41.848297119141,-87.651702880859,-1,
R_w1nxAqlEacpAMcV,Default Response Set,Anonymous,,,108.211.251.113,0,2017-08-27 21:16:33,2017-08-27 21:24:58,1,52983,2.897,4.33,5.599,2,1,129.84,364.789,368.142,4,1,1.96,18.775,19.786,16,6,1,2,5,6,7,3,4,4,5,4,4,2,7,5,1.903,1.903,3.335,1,3,14.476,14.476,15.439,1,3,3,7,1,2,2,5,7,6,7,7,4,4,4,2,1.91,1.91,3.08,1,2,5.368,71.365,72.241,19,6,5,4,5,5,6,5,5,3,5,4,5,5,5,7,2.229,2.229,3.449,1,1,37.116806030273,-93.321296691895,-1,
R_1g2xKpMwMJ3eNsj,Default Response Set,Anonymous,,,104.5.122.50,0,2017-08-27 22:07:31,2017-08-27 22:16:40,1,52041,3.836,3.836,5.012,1,1,10.366,10.366,317.085,1,1,37.91,44.608,72.368,5,7,7,6,4,7,2,7,2,1,1,3,5,3,6,3,2.801,2.801,6.09,1,2,9.065,32.628,35.156,15,1,4,5,4,3,2,3,6,4,3,7,6,1,5,7,4.399,4.399,7.583,1,3,15.686,91.541,92.951,15,7,7,3,7,3,7,6,7,7,7,5,7,6,6,7,2.848,2.848,5.923,1,1,37.027099609375,-93.319297790527,-1,
R_2Cq5dJDloqhQHiU,Default Response Set,Anonymous,,,173.17.72.88,0,2017-08-28 05:21:27,2017-08-28 05:34:55,1,53508,103.822,103.822,149.39,1,1,447.663,447.663,448.683,1,1,21.148,81.532,84.465,15,7,7,7,7,7,7,7,7,7,7,7,7,7,7,7,4.961,4.961,6.71,1,1,17.851,34.515,43.375,18,2,3,4,4,6,5,3,2,6,5,3,3,4,2,2,3.301,3.301,5.012,1,3,0,0,62.07,0,5,5,2,3,6,4,7,5,6,6,7,6,3,2,1,1.961,1.961,3.644,1,2,37.218994140625,-93.317596435547,-1,
R_2SkxtGF5vAhsuzv,Default Response Set,Anonymous,,,107.210.97.40,0,2017-08-28 08:22:02,2017-08-28 08:28:49,1,53240,5.443,5.443,7.698,1,1,159.775,159.775,268.431,1,1,6.842,37.128,38.267,15,6,7,6,7,7,6,7,6,6,7,6,7,6,6,7,2.276,2.276,3.137,1,1,1.905,29.576,30.916,16,5,3,6,3,1,3,2,2,4,5,7,6,1,4,4,1.92,1.92,3.376,1,3,10.809,41.878,42.778,15,6,7,6,7,7,6,7,6,6,7,6,6,6,6,7,1.748,1.748,2.822,1,2,37.218994140625,-93.317596435547,-1,
R_etgXJe50B2d1yVP,Default Response Set,Anonymous,,,146.7.4.77,0,2017-08-28 11:37:25,2017-08-28 11:49:59,1,53236,2.779,2.779,3.861,1,1,3.038,3.038,187.79,1,1,9.957,59.702,60.485,16,5,7,6,7,6,7,5,5,6,7,7,6,7,7,7,6.696,6.696,15.63,1,1,14.924,87.269,88.69,17,3,2,7,2,2,4,4,6,3,4,4,7,6,4,5,1.659,1.659,2.785,1,3,8.412,139.053,146.006,7,3,5,5,6,2,6,5,1,4,6,6,1,6,6,3,2.405,2.405,3.384,1,2,37.215301513672,-93.298202514648,-1,
R_2cjyoeYKDb64p11,Default Response Set,Anonymous,,,146.7.4.74,0,2017-08-28 12:43:13,2017-08-28 12:52:30,1,52980,4.358,5.706,7.504,2,1,30.618,93.057,282.042,4,1,6.662,40.466,41.116,18,6,7,3,6,6,7,5,7,7,7,6,6,6,7,7,1.958,1.958,3.029,1,1,2.007,15.95,17.549,16,1,6,4,3,5,3,2,4,3,6,7,1,5,3,2,1.967,1.967,2.956,1,3,8.57,21.27,22.309,2,6,1,4,3,6,7,3,5,7,6,4,4,3,3,5,3.629,3.629,5.732,1,2,37.215301513672,-93.298202514648,-1,
R_3JauWJ29bDrHcxH,Default Response Set,Anonymous,,,146.7.4.78,0,2017-08-28 13:29:56,2017-08-28 13:34:47,1,53249,2.334,2.334,3.454,1,1,173.994,173.994,175.55,1,1,7.128,48.21,49.259,16,5,5,6,6,5,6,7,6,5,6,5,7,6,7,7,2.509,2.509,3.835,1,1,2.787,29.088,30.344,20,2,6,4,3,1,4,2,3,2,3,7,5,1,4,2,1.937,1.937,3.374,1,3,0,0,17.793,0,5,3,5,1,3,4,6,6,7,5,7,3,5,6,4,1.12,1.12,2.121,1,2,37.215301513672,-93.298202514648,-1,
R_T4TXi9pdPHKmtbz,Default Response Set,Anonymous,,,146.7.4.85,0,2017-08-28 13:27:13,2017-08-28 13:46:51,1,53048,3.811,3.811,5.976,1,1,1.66,214.717,618.011,40,1,6.577,50.196,51.467,15,5,6,4,7,3,5,6,5,5,7,6,6,7,6,7,2.703,2.703,4.635,1,1,6.096,37.311,39.054,18,5,4,5,2,5,7,6,4,1,4,2,3,1,3,7,3.02,3.02,5.14,1,3,0,0,22.202,0,5,3,1,5,7,6,1,1,7,4,7,6,4,1,4,3.525,3.525,5.15,1,2,37.215301513672,-93.298202514648,-1,
R_3G9xhPgFPEbzJTP,Default Response Set,Anonymous,,,146.7.4.86,0,2017-08-28 14:44:16,2017-08-28 14:50:13,1,53051,6.653,23.404,25.63,2,1,202.562,202.562,204.072,1,1,7.07,78.34,79.148,18,6,7,5,6,4,6,5,5,5,6,6,6,7,5,7,2.11,2.11,3.338,1,1,4.624,18.845,19.67,15,4,2,6,5,5,2,7,6,1,4,3,4,7,1,3,2.648,2.648,3.745,1,3,0,0,12.53,0,3,5,4,6,2,6,6,5,2,4,3,7,6,6,5,1.858,1.858,2.767,1,2,37.215301513672,-93.298202514648,-1,
R_1mk2dE3PmPuuA0r,Default Response Set,Anonymous,,,146.7.4.92,0,2017-08-28 14:40:05,2017-08-28 14:53:38,1,53245,2.275,2.275,3.841,1,1,4.714,255.786,433.982,14,1,0.877,127.075,128.275,17,6,7,7,6,6,7,7,7,6,7,7,7,7,6,7,2.415,2.415,4.972,1,1,4.308,22.023,23.368,16,5,3,5,6,4,5,1,6,6,4,4,3,5,4,3,2.39,2.39,4.092,1,3,65.235,65.235,70.066,1,7,6,4,7,1,4,2,4,5,7,7,4,6,5,3,2.199,2.199,3.853,1,2,37.215301513672,-93.298202514648,-1,
R_3La2NmzNC54SIE1,Default Response Set,Anonymous,,,173.24.226.74,0,2017-08-28 15:01:31,2017-08-28 15:08:10,1,53234,10.113,10.113,11.695,1,1,48.762,48.762,227.123,1,1,10.889,86.626,87.55,15,2,2,3,4,3,2,1,2,6,4,2,2,2,2,1,4.643,4.643,7.759,1,1,4.28,26.346,27.389,17,6,5,2,4,6,3,5,3,2,1,7,1,4,2,4,2.534,2.534,3.607,1,3,3.088,3.088,8.072,1,4,1,1,1,7,4,4,5,1,4,7,1,6,4,6,2.868,2.868,5.036,1,2,37.206100463867,-93.303199768066,-1,
R_2dgYDGKPAd2DDvY,Default Response Set,Anonymous,,,47.213.162.48,0,2017-08-28 17:24:04,2017-08-28 17:35:15,1,51971,79.426,81.979,82.049,5,1,1.687,30.937,171.579,28,1,9.184,45.836,47.198,49,6,7,6,7,6,7,7,7,5,7,6,6,5,7,7,2.108,2.118,3.252,2,1,2.628,33.075,34.606,47,4,5,5,2,4,7,5,4,3,1,3,6,3,3,3,1.678,1.688,2.781,2,3,2.348,197.37,198.39,55,7,7,4,7,7,6,6,7,6,7,5,4,7,7,7,8.643,8.658,9.848,2,2,37.027099609375,-93.319297790527,-1,
R_XZDNCNWw0Lu9zoZ,Default Response Set,Anonymous,,,146.7.4.83,0,2017-08-28 17:59:49,2017-08-28 18:08:19,1,53035,5.005,5.005,6.274,1,1,199.545,199.545,201.399,1,1,18.912,105.462,106.79,18,4,5,4,5,5,6,5,5,5,5,5,5,5,4,5,1.657,1.657,2.655,1,1,1.906,13.671,14.445,15,1,3,7,2,5,4,6,4,1,3,6,3,2,2,5,1.214,1.214,2.039,1,3,4.306,5.189,28.751,2,5,1,4,5,3,6,4,7,1,6,1,3,3,6,3,14.238,14.238,15.052,1,2,37.215301513672,-93.298202514648,-1,
R_2D0k1DWg6quQ1Ev,Default Response Set,Anonymous,,,146.7.4.92,0,2017-08-28 19:00:52,2017-08-28 19:08:41,1,53099,6.107,6.107,16.589,1,1,249.785,249.785,338.561,1,1,3.543,54.102,54.87,15,7,5,5,4,5,7,7,7,4,7,6,6,5,6,7,1.744,2.459,3.646,2,1,5.467,16.698,19.775,16,4,4,6,2,3,3,5,3,3,4,5,4,3,5,2,2.615,2.615,4.538,1,3,0,0,20.288,0,6,2,4,1,7,2,4,6,2,1,2,3,5,6,6,2.261,2.261,3.435,1,2,37.215301513672,-93.298202514648,-1,
R_rcC9lSgzP5hxTIB,Default Response Set,Anonymous,,,146.7.4.89,0,2017-08-28 19:37:11,2017-08-28 19:43:13,1,52984,3.997,57.936,59.222,5,1,25.332,100.424,132.874,5,1,8.662,56.399,58.765,17,3,7,4,7,6,7,6,7,7,7,6,6,7,6,7,4.487,4.487,6.534,1,1,2.856,28.355,29.186,16,3,2,5,4,2,5,4,6,4,4,3,4,7,6,5,1.817,1.817,3.341,1,3,59.252,60.534,60.55,2,5,6,7,3,1,4,5,1,7,1,7,4,6,3,6,1.366,2.382,2.388,3,2,37.215301513672,-93.298202514648,-1,
R_1ob7e2Fn9KGNmob,Default Response Set,Anonymous,,,173.24.242.24,0,2017-08-28 20:12:40,2017-08-28 20:19:42,1,53207,77.239,77.239,79.294,1,1,156.521,156.521,158.166,1,1,6.823,75.841,77.012,16,7,6,7,6,6,6,6,7,6,7,6,7,6,6,7,3.281,3.281,5.05,1,1,2.871,24.003,31.72,16,4,3,2,2,2,7,1,4,3,6,5,2,3,4,1,1.904,1.904,3.414,1,3,0,0,54.503,0,6,6,3,5,5,7,4,5,5,5,7,6,7,7,6,2.095,2.095,3.925,1,2,37.206100463867,-93.303199768066,-1,
R_31cOJ6dkUqQ4VRJ,Default Response Set,Anonymous,,,172.58.139.207,0,2017-08-28 21:42:28,2017-08-28 21:49:22,1,52244,4.276,5.216,6.275,3,1,2.901,16.9,223.665,17,1,3.3,74.438,75.483,50,4,6,5,5,5,7,6,7,6,4,4,7,3,5,7,1.357,1.373,2.276,2,1,8.585,54.962,55.007,37,3,5,3,1,5,5,4,4,4,7,3,2,2,2,5,1.737,1.765,2.854,2,3,6.586,18.136,19.313,7,2,7,5,6,4,3,6,6,6,6,5,1,3,2,5,2.298,2.314,3.648,2,2,41.848297119141,-87.651702880859,-1,
R_2hIKGEOSOR0PBa9,Default Response Set,Anonymous,,,146.7.4.88,0,2017-08-28 22:05:27,2017-08-28 22:15:39,1,51948,153.328,153.328,163.215,1,1,276.744,276.744,278.594,1,1,10.257,66.791,69.393,15,5,6,5,6,6,6,6,6,5,7,5,6,7,6,7,1.827,1.827,4.26,1,1,7.93,37.796,38.968,18,4,4,6,3,7,5,2,3,3,2,4,1,5,4,6,2.807,2.807,5.322,1,3,0,0,41.603,0,5,5,3,4,7,2,2,6,5,4,4,1,5,5,2,2.111,2.111,6.973,1,2,37.215301513672,-93.298202514648,-1,
R_diiH2yVj04yXv2h,Default Response Set,Anonymous,,,146.7.4.85,0,2017-08-28 23:18:08,2017-08-28 23:24:27,1,52561,5.504,5.504,7.242,1,1,168.969,168.969,170.875,1,1,8.123,78.643,80.169,16,5,5,5,5,2,5,5,4,7,7,3,7,7,5,7,2.424,2.424,3.854,1,1,5.613,27.455,29.685,15,5,5,4,3,3,3,4,4,1,7,7,7,6,3,5,2.262,2.262,3.346,1,3,2.526,45.434,52.176,2,4,6,4,2,5,4,6,5,4,3,3,7,6,4,4,1.886,1.886,3.429,1,2,37.215301513672,-93.298202514648,-1,
R_vCBjQla1D1ecztv,Default Response Set,Anonymous,,,146.7.4.92,0,2017-08-29 07:21:59,2017-08-29 07:28:52,1,52987,7.236,7.236,8.413,1,1,197.419,197.419,199.404,1,1,6.313,87.433,88.228,18,4,7,4,7,5,6,6,7,7,5,5,6,7,6,7,1.741,1.741,3.524,1,1,1.352,23.898,26.1,21,2,6,4,1,3,1,7,3,4,2,2,4,7,3,2,1.575,1.575,3.192,1,3,12.686,12.686,28.807,1,5,7,2,4,3,2,2,2,6,2,1,5,2,5,3,2.483,2.483,4.082,1,2,37.215301513672,-93.298202514648,-1,
R_Q6xAjVFa81mxG1P,Default Response Set,Anonymous,,,108.243.152.91,0,2017-08-29 12:17:53,2017-08-29 12:23:51,1,53272,7.06,7.06,8.84,1,1,240.774,240.774,244.466,1,1,8.234,43.312,44.666,16,2,2,2,1,2,2,2,1,1,2,2,1,1,1,1,2.28,2.28,3.932,1,1,3.609,16.963,19.306,15,3,7,4,4,2,1,6,4,5,3,2,2,3,6,5,1.738,1.738,2.933,1,3,6.408,22.218,24.166,15,3,1,2,4,5,3,5,4,3,2,4,3,5,5,2,3.061,4.108,4.58,2,2,37.148895263672,-93.26139831543,-1,
R_3lQAwadVz4EOPZX,Default Response Set,Anonymous,,,146.7.4.88,0,2017-08-29 12:48:20,2017-08-29 12:59:49,1,52012,48.377,100.651,104.386,11,1,393.714,393.714,394.478,1,1,18.489,142.064,142.9,19,6,7,5,3,4,7,6,7,5,5,4,6,6,5,7,1.589,1.589,2.568,1,1,5.167,19.863,21.03,17,4,5,2,5,4,2,4,6,1,2,3,2,3,7,7,2.147,2.147,3.978,1,3,0,0,12.414,0,2,4,4,4,6,5,7,6,5,6,5,6,6,7,4,1.536,1.536,2.667,1,2,37.215301513672,-93.298202514648,-1,
R_1NtgeqYKwYr8RPR,Default Response Set,Anonymous,,,146.7.4.88,0,2017-08-29 13:39:23,2017-08-29 13:47:35,1,52147,166.589,166.589,177.246,1,1,14.568,138.538,154.552,3,1,6.196,94,95.179,18,5,6,6,6,6,6,5,4,5,7,6,7,7,7,7,1.699,1.699,2.839,1,1,4.567,25.516,26.942,16,2,5,7,3,6,3,4,1,6,3,4,5,5,2,1,1.407,1.407,3.088,1,3,13.283,13.283,14.501,1,2,6,7,1,2,1,1,5,4,5,6,6,6,6,3,1.42,1.42,7.024,1,2,37.215301513672,-93.298202514648,-1,
R_3JacVrxcuZiV9bZ,Default Response Set,Anonymous,,,146.7.4.89,0,2017-08-29 13:38:34,2017-08-29 13:47:44,1,52095,24.547,100.819,102.393,3,1,14.525,225.672,298.087,4,1,6.876,64.784,66.112,22,7,7,5,6,6,6,7,7,5,4,5,6,7,5,7,1.462,2.262,3.772,2,1,6.709,29.959,38.092,16,1,5,2,3,1,6,3,5,6,2,3,7,2,5,4,2.089,2.089,4.096,1,3,0,0,29.402,0,7,5,3,6,3,4,1,5,4,7,5,2,2,7,6,2.047,2.047,3.694,1,2,37.215301513672,-93.298202514648,-1,
R_1JK5Yv1sgLRV8d2,Default Response Set,Anonymous,,,146.7.4.71,0,2017-08-29 13:57:00,2017-08-29 14:05:06,1,53260,6.649,71.866,73.935,2,1,260.885,260.885,264.221,1,1,6.511,56.355,57.878,18,6,6,4,3,5,5,6,6,7,5,4,6,3,6,7,2.175,2.175,3.699,1,1,7.179,28.252,30.06,17,1,4,6,4,2,5,7,5,3,2,5,6,3,4,2,2.513,2.513,3.969,1,3,41.222,41.222,43.4,1,2,2,1,4,3,3,7,1,3,3,7,1,5,1,7,2.342,2.342,4.096,1,2,37.215301513672,-93.298202514648,-1,
R_338CpcXxs4nRKn8,Default Response Set,Anonymous,,,146.7.4.88,0,2017-08-29 15:24:49,2017-08-29 15:31:04,1,52756,2.15,2.15,3.262,1,1,0,0,225.043,0,,9.775,80.947,81.711,17,5,7,5,7,5,7,4,6,5,7,7,6,7,3,7,1.31,1.31,2.201,1,1,11.395,27.808,33.294,16,4,3,6,5,3,3,6,6,3,7,1,1,4,2,2,2.092,2.092,3.643,1,3,0,0,13.536,0,3,5,7,1,3,3,3,5,5,3,3,5,5,3,1,5.262,5.262,8.971,1,2,37.215301513672,-93.298202514648,-1,
R_1i56DEb50a0hEd7,Default Response Set,Anonymous,,,146.7.4.89,0,2017-08-29 15:51:34,2017-08-29 15:57:25,1,51588,9.377,9.377,10.581,1,1,65.586,65.586,133.027,1,1,30.582,70.152,70.708,16,5,3,2,1,2,3,3,6,3,5,1,3,3,5,7,1.982,1.982,3.074,1,1,10.056,38.752,39.711,18,5,3,7,4,3,3,5,7,2,3,6,1,5,5,4,1.713,1.713,3.07,1,3,18.637,80.599,81.533,16,5,3,4,3,3,3,5,5,3,5,2,3,5,5,7,3.867,3.867,5.489,1,2,37.215301513672,-93.298202514648,-1,
R_QnUXwBVliexwxXP,Default Response Set,Anonymous,,,146.7.4.91,0,2017-08-29 16:00:41,2017-08-29 16:13:12,1,52135,4.242,4.242,6.24,1,1,35.18,340.857,410.114,17,1,6.888,65.353,66.567,17,6,5,4,7,5,6,4,6,6,6,5,6,5,5,7,1.927,1.927,5.351,1,1,1.964,16.764,19.785,15,4,6,3,4,4,5,6,1,3,4,6,4,2,4,3,2.044,2.044,3.398,1,3,0,0,92.753,0,1,3,5,5,7,2,1,2,7,3,4,5,7,7,6,3.241,3.241,4.928,1,2,37.215301513672,-93.298202514648,-1,
R_3CBhWdciJmBGL6E,Default Response Set,Anonymous,,,12.50.138.226,0,2017-08-29 16:08:09,2017-08-29 16:14:00,1,52132,1.871,1.871,3.343,1,1,2.362,61.293,228.41,5,1,5.588,62.093,63.014,15,6,6,6,7,7,7,7,7,7,7,6,7,7,7,7,1.755,1.755,3.125,1,1,2.176,20.786,30.186,19,3,3,5,7,1,5,2,3,4,3,3,6,7,1,2,2.02,2.02,3.213,1,3,0,0,11.05,0,1,6,1,4,4,3,1,1,7,5,3,6,7,6,4,2.936,2.936,3.971,1,2,37.206100463867,-93.303199768066,-1,
R_3HXOJsApBzKy4sG,Default Response Set,Anonymous,,,12.50.138.209,0,2017-08-29 16:19:53,2017-08-29 16:25:55,1,53115,2.123,4.221,6.008,2,1,172.728,181.336,182.525,3,1,9.423,101.008,103.536,19,7,7,4,7,5,7,6,7,4,4,7,7,7,7,7,3.324,3.324,5.471,1,1,7.989,32.709,34.442,16,3,5,5,4,1,4,2,4,7,2,3,6,6,7,3,2.724,2.724,4.506,1,3,14.207,14.207,16.212,1,7,6,7,6,4,6,1,2,2,3,2,6,1,1,4,3.24,3.24,5.357,1,2,37.206100463867,-93.303199768066,-1,
R_2whtZUej45ZIMUD,Default Response Set,Anonymous,,,146.7.4.87,0,2017-08-29 16:23:42,2017-08-29 16:29:54,1,51584,1.829,3.366,4.42,2,1,2.872,132.804,249.989,2,1,6.963,33.757,34.781,17,4,4,4,4,4,4,4,4,4,4,4,4,4,4,7,2.765,2.765,3.791,1,1,1.183,15.762,16.948,16,3,7,6,5,5,1,6,2,1,6,4,5,1,5,6,1.788,1.788,2.729,1,3,14.627,29.909,31.122,4,5,5,4,2,5,5,5,5,2,5,7,6,7,1,7,2.755,2.755,3.667,1,2,37.215301513672,-93.298202514648,-1,
R_1EXMidSiGfkEQ64,Default Response Set,Anonymous,,,146.7.4.91,0,2017-08-29 16:27:23,2017-08-29 16:38:47,1,52630,9.772,73.033,75.098,2,1,297.164,297.164,298.751,1,1,10.015,189.305,191.15,17,6,5,4,6,7,7,5,6,4,3,5,4,7,5,7,1.786,1.786,3.062,1,1,4.477,44.585,45.899,19,2,5,3,7,5,1,3,5,3,7,1,6,4,4,2,2.472,2.472,3.681,1,3,41.412,45.835,46.919,2,6,4,2,4,3,4,5,2,3,1,6,2,1,2,2,4.645,4.645,7.078,1,2,37.215301513672,-93.298202514648,-1,
R_9ZUBasJ1vonPnIR,Default Response Set,Anonymous,,,146.7.4.89,0,2017-08-29 17:14:48,2017-08-29 17:27:19,1,51587,39.399,304.153,304.165,12,1,265.395,265.395,267.981,1,1,9.618,82.673,86.686,18,6,5,4,7,6,5,5,6,6,7,6,7,7,7,7,2.076,2.076,5.549,1,1,4.458,21.527,23.673,15,6,4,3,2,2,1,5,2,5,7,6,4,3,1,3,2.224,2.224,3.851,1,3,0,0,49.375,0,6,4,7,5,3,2,5,1,1,1,7,3,3,2,2,2.367,2.367,4.455,1,2,37.215301513672,-93.298202514648,-1,
R_3R43QZ6LGEpJUDr,Default Response Set,Anonymous,,,146.7.4.82,0,2017-08-29 17:15:20,2017-08-29 17:31:41,1,51656,28.179,30.171,40.355,2,1,5.561,310.276,311.598,5,1,5.818,97.088,98.457,27,7,7,6,7,3,7,6,6,7,7,7,6,4,6,7,20.691,20.691,28.308,1,1,6.977,54.475,55.832,19,7,5,5,2,2,4,5,2,4,1,5,1,6,1,1,5.098,5.098,7.124,1,3,2.238,112.24,113.609,24,7,7,7,7,4,7,7,6,6,7,7,6,4,7,7,2.96,2.96,5.691,1,2,37.215301513672,-93.298202514648,-1,
R_3G2FfZEF7rs2Gcz,Default Response Set,Anonymous,,,12.50.138.238,0,2017-08-29 17:22:22,2017-08-29 17:31:56,1,53094,6.137,6.137,7.973,1,1,425.479,425.479,426.898,1,1,11.343,70.032,70.073,40,6,5,6,6,6,6,5,5,5,6,6,7,6,6,7,2.683,2.683,4.071,1,1,3.444,16.063,26.077,39,3,4,3,6,3,5,4,2,4,6,4,5,6,6,4,2.013,3.408,3.432,3,3,0,0,19.868,0,2,1,1,6,5,1,6,7,6,4,1,1,1,7,5,2.698,2.698,4.385,1,2,37.206100463867,-93.303199768066,-1,
R_3lAKxL1yrpJMJm1,Default Response Set,Anonymous,,,108.250.142.213,0,2017-08-29 17:27:12,2017-08-29 17:35:24,1,53875,5.742,5.742,7.288,1,1,184.895,184.895,187.087,1,1,12.082,57.944,58.897,15,6,6,6,6,6,6,6,6,6,6,6,6,6,6,7,3.11,3.11,4.501,1,1,5.876,23.221,24.579,15,6,6,5,6,7,4,5,6,6,6,4,4,5,4,5,1.705,1.705,2.964,1,3,108.151,108.151,112.525,1,2,6,7,3,3,1,5,6,2,5,7,5,6,1,6,3.317,3.317,4.598,1,2,37.218994140625,-93.317596435547,-1,
R_2PpWPLjp9Qlgpw7,Default Response Set,Anonymous,,,173.17.201.202,0,2017-08-29 18:06:15,2017-08-29 18:16:13,1,53482,1.245,31.762,33.824,4,1,7.071,327.275,333.142,3,1,18.5,101.712,103.447,25,7,6,6,6,6,7,6,6,7,6,6,7,7,7,7,2.599,2.599,4.925,1,1,6.091,28.382,31.503,17,2,6,5,6,3,5,4,5,4,1,2,7,3,4,4,2.314,2.314,3.835,1,3,66.015,66.015,67.586,1,2,7,6,1,2,5,2,4,1,5,3,2,6,6,4,5.225,5.225,7.591,1,2,37.170196533203,-93.329696655273,-1,
R_24CbvnrXETgIDlM,Default Response Set,Anonymous,,,207.160.232.251,0,2017-08-29 18:56:36,2017-08-29 19:04:53,1,52097,6.54,6.54,10.192,1,1,298.521,298.521,300.063,1,1,8.848,58.365,61.909,20,7,5,7,7,4,7,6,7,6,6,7,7,7,6,7,1.458,1.458,2.597,1,1,6.624,14.795,24.288,14,3,3,5,3,2,5,4,4,4,5,7,3,2,4,6,1.546,1.546,8.872,1,3,9.169,9.169,26.21,1,4,1,6,3,1,5,5,6,6,4,2,7,7,3,6,2.284,2.284,4.03,1,2,37.299896240234,-93.308403015137,-1,
R_PTaHtMgxxXWtpjX,Default Response Set,Anonymous,,,68.180.78.27,0,2017-08-29 19:45:26,2017-08-29 19:56:51,1,51642,48.066,49.229,51.185,2,1,384.273,384.273,440.544,1,1,8.604,78.549,80.104,16,4,5,7,6,4,5,7,5,5,6,4,6,6,5,7,3.9,3.9,6.087,1,1,4.036,44.63,46.376,16,3,4,2,5,3,6,4,5,7,7,1,3,6,1,2,1.656,1.656,3.391,1,3,0,0,45.433,0,5,5,2,4,2,7,7,2,3,5,5,3,3,4,4,2.397,2.397,4.081,1,2,37.206100463867,-93.303199768066,-1,
R_21nbHSEaWiwuAZ0,Default Response Set,Anonymous,,,173.19.49.187,0,2017-08-29 20:37:28,2017-08-29 20:45:12,1,52252,4.792,4.792,5.873,1,1,255.057,255.057,257.254,1,1,11.369,78.743,79.959,18,5,7,6,5,6,3,5,4,3,5,4,6,6,5,7,1.514,1.514,2.626,1,1,6.676,20.643,26.88,15,3,2,5,2,4,3,3,4,7,3,4,5,2,6,4,2.401,3.241,4.777,2,3,39.824,39.824,44.871,1,4,7,7,6,1,5,1,5,4,6,1,2,6,1,6,1.759,1.759,3.801,1,2,37.148895263672,-93.26139831543,-1,
R_3pbV0tES5QYsUyI,Default Response Set,Anonymous,,,146.7.4.73,0,2017-08-29 21:00:18,2017-08-29 21:07:36,1,53817,28.494,28.494,30.002,1,1,249.101,249.101,258.535,1,1,6.479,60.031,61.207,16,6,6,5,6,5,6,6,5,6,5,6,6,7,6,7,2.918,2.918,4.227,1,1,2.637,22.299,23.139,15,4,3,4,5,6,3,3,3,5,7,6,2,5,4,5,1.721,1.721,2.993,1,3,0,0,47.57,0,3,3,6,1,5,1,4,1,6,5,1,7,2,6,4,1.837,1.837,2.997,1,2,37.215301513672,-93.298202514648,-1,
R_1go37TxFDKu1xqr,Default Response Set,Anonymous,,,146.7.4.86,0,2017-08-29 21:09:06,2017-08-29 21:18:49,1,53890,16.086,67.874,70.485,2,1,289.693,298.495,300.032,2,1,6.431,83.253,111.562,16,5,6,5,7,6,5,5,5,5,7,5,6,7,6,7,1.657,1.657,3.533,1,1,4.506,29.5,31.287,16,1,2,7,4,3,3,5,4,5,3,4,1,7,5,2,1.904,1.904,4.092,1,3,38.963,49.07,51.742,2,3,3,3,1,3,1,3,7,1,4,6,4,5,1,7,1.771,1.771,4.556,1,2,37.215301513672,-93.298202514648,-1,
R_2rjhF1phVU5SDPD,Default Response Set,Anonymous,,,146.7.116.15,0,2017-08-29 21:15:49,2017-08-29 21:24:13,1,51653,2.73,106.363,133.322,5,1,267.898,267.898,295.493,1,1,0,0,13.763,0,7,5,2,3,7,2,7,4,5,3,6,5,7,4,3,2.198,2.198,3.362,1,2,6.46,24.748,33.896,17,5,5,6,6,6,6,5,5,5,6,6,5,5,6,5,1.887,1.887,3.194,1,1,0.486,9.573,10.266,19,6,4,3,4,3,4,3,7,5,3,4,4,2,2,3,4.422,4.422,6.057,1,3,37.215301513672,-93.298202514648,-1,
R_3Oiy9g8lhE9ofwX,Default Response Set,Anonymous,,,146.7.4.92,0,2017-08-29 21:20:09,2017-08-29 21:26:41,1,52632,18.018,20.732,22.132,4,1,32.741,150.829,155.092,5,1,6.464,77.9,79.049,16,7,7,7,7,5,7,6,7,6,5,7,7,7,6,7,3.279,3.279,6.279,1,1,44.529,64.896,66.777,16,3,7,4,7,4,2,2,3,2,7,7,5,5,2,4,6.453,6.453,7.703,1,3,23.119,28.445,29.857,2,6,3,2,3,4,5,2,6,1,1,5,6,5,6,2,6.384,6.384,7.865,1,2,37.215301513672,-93.298202514648,-1,
R_1PbLsY7W8eS01JI,Default Response Set,Anonymous,,,72.105.118.139,0,2017-08-29 16:21:26,2017-08-29 22:07:30,1,51512,10.588,15.683,17.756,3,1,8.055,20562.448,20564.17,4,1,19.542,92.073,93.28,18,7,7,6,6,7,7,5,7,6,6,5,5,7,6,7,2.145,2.145,5.714,1,1,3.452,38.005,39.677,17,4,5,2,4,7,4,2,3,1,6,5,2,3,3,1,1.839,1.839,3.721,1,3,27.728,27.728,29.434,1,5,2,1,1,5,2,5,7,7,1,3,5,1,7,6,3.537,3.537,5.09,1,2,37.331100463867,-92.881797790527,-1,
R_2QDU7jH1ib8LhLu,Default Response Set,Anonymous,,,146.7.4.87,0,2017-08-28 11:36:59,2017-08-30 01:32:06,1,52991,3.282,32.336,33.957,2,1,5.548,78.968,270.968,8,1,23.914,23.914,26.456,1,6,6,1,6,1,2,7,3,7,3,4,2,6,6,3,2.367,2.367,4.354,1,2,1.748,43.002,44.967,17,3,6,3,1,5,2,7,5,1,6,4,5,2,3,4,2.242,2.242,3.889,1,3,5.119,76.05,77.478,18,7,7,6,5,4,7,7,4,6,6,5,7,7,7,7,2.319,2.319,5.412,1,1,37.215301513672,-93.298202514648,-1,
R_3Jkj2ufNKUBRELB,Default Response Set,Anonymous,,,47.213.156.54,0,2017-08-30 09:16:32,2017-08-30 09:23:08,1,53799,4.513,4.513,5.649,1,1,21.36,59.007,204.38,2,1,12.545,46.575,47.222,16,6,5,6,7,4,6,5,5,5,7,5,6,7,6,7,0.96,1.229,2.045,2,1,21.89,48.518,50.295,17,4,2,5,3,4,3,3,5,3,7,6,4,2,1,4,1.779,1.779,2.664,1,3,4.311,61.43,64.362,19,6,4,7,7,4,5,4,5,5,7,5,6,7,6,7,10.652,10.652,15.635,1,1,37.027099609375,-93.319297790527,-1,
R_vvQhmyJJSAxmQHT,Default Response Set,Anonymous,,,146.7.4.78,0,2017-08-30 09:27:45,2017-08-30 09:35:16,1,53506,9.54,9.54,10.883,1,1,313.858,313.858,315.01,1,1,5.782,45.944,47.133,15,6,7,4,7,4,5,5,5,6,7,6,7,7,5,7,1.95,1.95,3.209,1,1,3.227,16.879,18.516,16,4,5,5,3,5,1,3,7,4,3,3,5,5,3,2,1.57,1.57,2.452,1,3,39.104,39.104,43.337,1,6,1,6,2,3,5,6,7,3,4,2,4,5,7,3,1.597,1.597,2.711,1,2,37.215301513672,-93.298202514648,-1,
R_2aPnSRuCBtJ3PhX,Default Response Set,Anonymous,,,146.7.4.89,0,2017-08-30 10:51:29,2017-08-30 11:03:44,1,53044,0,0,5.045,0,,256.607,274.766,275.527,4,,17.282,112.542,113.456,23,5,4,5,4,6,7,7,6,6,6,3,7,7,6,7,55.022,56.245,58.426,2,1,3.84,46.459,47.767,33,5,6,6,7,3,5,5,4,2,1,2,4,2,4,3,2.745,2.935,5.215,2,3,99.864,114.543,180.19,7,4,2,7,5,7,1,3,4,7,1,1,6,6,2,2,2.486,2.486,4.449,1,2,37.215301513672,-93.298202514648,-1,
R_VLwQoVdnLkzPqU1,Default Response Set,Anonymous,,,146.7.4.84,0,2017-08-30 15:31:58,2017-08-30 15:41:36,1,51643,1.921,3.121,4.648,3,1,267.699,267.699,270.564,1,1,5.822,82.881,84.115,18,4,6,4,5,6,7,4,6,4,6,2,4,2,4,7,2.688,2.688,4.1,1,1,4.53,34.429,36.202,18,3,5,1,2,7,5,3,5,4,6,1,2,1,4,4,2.637,2.637,4.292,1,3,114.001,119.709,120.535,2,7,6,1,7,7,6,5,7,7,4,7,2,1,7,2,2.391,2.391,4.308,1,2,37.215301513672,-93.298202514648,-1,
R_cAYSqvurzyTDjIB,Default Response Set,Anonymous,,,68.180.78.22,0,2017-08-30 18:36:29,2017-08-30 18:44:09,1,54186,39.986,39.986,41.272,1,1,283.092,283.092,301.815,1,1,7.435,43.788,46.723,15,6,7,5,5,6,7,6,6,7,7,5,7,6,6,7,2.23,2.23,3.809,1,1,9.085,28.673,36.191,17,4,5,4,4,3,1,2,4,3,7,7,3,1,5,2,1.844,1.844,3.356,1,3,0,0,15.477,0,1,6,2,6,6,7,3,5,3,6,5,7,2,7,5,2.221,2.221,3.616,1,2,37.206100463867,-93.303199768066,-1,
R_6qWG6fwpoioCqOZ,Default Response Set,Anonymous,,,146.7.4.87,0,2017-08-30 20:13:17,2017-08-30 20:21:08,1,53141,170.989,170.989,172.189,1,1,24.906,53.45,135.643,6,1,3.641,72.665,73.46,17,6,7,6,6,5,7,7,6,5,7,7,6,6,6,7,10.816,10.816,11.866,1,1,4.882,29.824,30.566,19,5,5,6,5,6,7,6,7,4,6,4,5,7,6,5,2.143,2.143,3.062,1,3,6.058,16.382,17.188,3,4,1,4,1,3,1,2,6,7,7,3,1,7,4,5,1.656,1.656,2.642,1,2,37.215301513672,-93.298202514648,-1,
R_3nDe8pBRWdA1Y6C,Default Response Set,Anonymous,,,107.77.207.228,0,2017-08-30 21:29:48,2017-08-30 21:36:18,1,53526,0.818,17.719,19.053,11,,245.4,246.097,247.159,2,,1.526,58.73,59.336,52,5,7,5,7,2,7,6,3,7,7,4,4,7,5,7,1.372,1.382,2.074,2,1,2.416,25.287,26.01,41,6,5,2,7,2,6,3,5,6,6,2,6,6,6,2,1.079,1.093,1.815,2,3,6.896,22.569,23.338,46,5,5,1,6,2,5,5,3,2,7,6,6,1,6,2,2.942,2.959,4.44,2,2,41.848297119141,-87.651702880859,-1,
R_wRzOPLwxnZSxLvr,Default Response Set,Anonymous,,,64.22.236.4,0,2017-08-30 22:57:46,2017-08-30 23:04:46,1,54190,8.432,8.432,10.27,1,1,0,0,258.192,0,,14.381,21.913,22.596,2,1,2,2,6,7,4,2,5,5,4,4,6,3,2,2,2.516,3.703,4.089,2,2,8.248,48.932,49.717,15,7,7,5,5,1,6,6,5,5,7,2,7,6,5,7,1.648,2.127,3.846,2,1,1.537,35.639,36.827,19,3,6,1,1,2,4,6,3,4,5,7,2,3,1,2,1.19,1.19,2.872,1,3,37.614593505859,-93.084999084473,-1,
R_29jiHKBxFYXkLl0,Default Response Set,Anonymous,,,12.155.26.51,0,2017-08-31 08:04:24,2017-08-31 08:10:35,1,53255,3.55,3.55,4.987,1,1,161.576,161.576,163.162,1,1,13.957,57.962,58.876,16,6,7,6,7,6,6,6,6,6,7,5,6,6,5,7,6.025,6.025,9.578,1,1,10.267,45.201,48.013,18,3,5,3,4,6,7,6,5,5,4,4,1,3,2,4,4.298,4.298,6.954,1,3,32.588,32.588,38.192,1,5,2,3,1,7,7,3,3,3,5,6,5,1,5,1,2.273,2.273,3.255,1,2,37.170196533203,-93.329696655273,-1,
R_2fkVNKB2xBQ6sjd,Default Response Set,Anonymous,,,173.19.0.63,0,2017-08-31 11:02:29,2017-08-31 11:11:11,1,53483,7.563,96.557,98.678,9,1,4.592,4.592,298.063,1,,7.596,61.157,62.088,44,6,7,6,6,7,6,6,6,5,6,6,6,7,6,6,1.431,1.437,2.422,2,1,8.834,32.786,33.627,28,5,4,1,2,7,1,3,7,7,2,6,3,1,1,7,2.275,2.289,3.419,2,3,12.519,13.062,14.566,2,3,2,6,5,2,6,2,1,6,2,3,3,1,1,4,1.647,1.671,2.968,2,2,37.148895263672,-93.26139831543,-1,
R_dihl16ItwqgXoLD,Default Response Set,Anonymous,,,69.29.85.178,0,2017-08-31 11:46:20,2017-08-31 11:54:43,1,52495,10.017,58.234,61.471,2,1,2.811,309.353,317.095,3,1,6.985,50.597,52.867,15,6,6,5,5,6,7,6,6,6,5,5,7,6,6,7,1.766,1.766,2.799,1,1,3.734,28.588,31.715,17,5,3,1,2,2,5,3,4,7,1,5,6,5,2,5,3.636,3.636,4.998,1,3,0,0,21.281,0,5,7,7,4,5,4,6,5,4,4,7,7,4,4,6,1.924,1.924,3.123,1,2,37.331100463867,-92.881797790527,-1,
R_7ZCaWocOtnSnjVL,Default Response Set,Anonymous,,,146.7.4.83,0,2017-08-31 11:52:50,2017-08-31 11:58:31,1,52580,3.48,3.48,5.331,1,1,174.189,174.189,175.624,1,1,10.875,62.238,63.879,15,3,4,3,3,5,5,5,4,5,5,3,7,6,3,7,1.961,1.961,3.999,1,1,6.715,27.272,29.01,15,4,3,5,4,2,4,3,1,6,6,7,1,2,3,5,2.178,2.178,3.663,1,3,0,0,50.487,0,1,7,7,3,6,4,3,4,6,6,5,4,6,2,1,2.007,2.007,3.727,1,2,37.215301513672,-93.298202514648,-1,
R_1i4crSurCKLWANa,Default Response Set,Anonymous,,,146.7.4.87,0,2017-08-31 12:46:46,2017-08-31 12:53:56,1,52540,17.27,17.27,18.519,1,1,132.133,210.616,330.007,2,1,2.627,30.713,31.637,15,6,6,5,3,6,5,5,4,5,7,5,6,5,6,7,2.34,2.34,3.378,1,1,3.459,22.985,23.883,17,4,3,6,1,3,5,3,1,2,6,6,6,7,2,1,1.821,1.821,2.843,1,3,0,0,10.784,0,6,7,1,2,4,2,6,7,4,3,4,6,3,5,6,1.584,1.584,2.686,1,2,37.215301513672,-93.298202514648,-1,
R_2ZZG3FJ9Vbmh3AC,Default Response Set,Anonymous,,,146.7.4.88,0,2017-08-31 12:25:08,2017-08-31 13:21:47,1,52555,245.021,246.165,248.19,2,1,2155.358,2155.358,2175.44,1,1,710.265,857.359,858.997,16,6,6,7,6,6,7,7,7,5,7,7,7,7,7,7,6.749,6.749,8.996,1,1,2.612,40.336,42.457,16,4,3,6,1,4,7,2,1,2,3,3,6,5,3,7,2.854,2.854,4.533,1,3,30.228,30.228,37.869,1,1,6,4,6,3,1,7,5,1,5,1,5,6,3,2,4.673,4.673,6.554,1,2,37.215301513672,-93.298202514648,-1,
R_3MQeHv7CEzYVsTP,Default Response Set,Anonymous,,,162.205.163.88,0,2017-08-31 13:25:08,2017-08-31 13:32:03,1,52618,12.742,12.742,14.145,1,1,265.755,265.755,267.514,1,1,11.44,80.344,81.231,16,5,5,3,3,3,6,6,5,5,3,6,5,7,6,7,1.447,1.447,2.869,1,1,3.659,19.019,20.122,15,5,6,6,7,6,5,4,4,3,6,7,5,3,6,2,5.313,5.313,6.327,1,3,0,0,13.077,0,2,6,7,5,5,2,3,4,4,7,5,2,3,1,2,2.03,2.03,3.276,1,2,37.299896240234,-93.308403015137,-1,
R_C8HEunCkNRVqRFL,Default Response Set,Anonymous,,,146.7.112.238,0,2017-08-31 13:42:46,2017-08-31 13:49:20,1,53573,2.188,2.467,3.564,2,1,1.372,1.372,341.925,1,1,2.3,17.963,20.166,16,7,7,7,7,7,6,7,6,7,7,7,7,7,7,7,1.723,2.875,3.59,2,1,2.224,9.88,11.435,19,7,7,6,7,5,6,7,7,6,6,6,7,6,6,7,1.722,1.722,2.516,1,3,0,0,3.762,0,4,5,2,4,7,5,7,3,1,3,6,2,4,4,3,3.353,3.353,4.54,1,2,37.215301513672,-93.298202514648,-1,
R_3KPeNuygBXU2v6s,Default Response Set,Anonymous,,,146.7.4.88,0,2017-08-31 13:28:55,2017-08-31 16:08:15,1,53198,2.616,2.616,3.815,1,1,242.937,242.937,244.205,1,1,10.055,61.164,62.846,15,6,7,3,6,5,7,3,6,5,5,3,6,7,5,7,1.926,1.926,3.439,1,1,5.71,19.199,22.408,15,6,1,2,5,4,1,3,5,6,5,6,4,4,2,6,1.561,1.561,2.672,1,3,0,0,16.563,0,1,3,1,1,7,4,5,7,4,2,2,6,6,7,5,1.626,1.626,2.906,1,2,37.215301513672,-93.298202514648,-1,
R_3DEBsHEaSHxlYwp,Default Response Set,Anonymous,,,146.7.4.91,0,2017-08-31 15:49:06,2017-08-31 16:14:38,1,52679,6.449,6.449,8.141,1,1,3.886,296.054,297.01,2,1,1.863,1026.017,1027.577,18,5,7,6,6,5,7,6,6,6,7,6,7,7,6,7,2.346,2.346,3.639,1,1,2.718,20.317,21.264,16,2,3,4,4,5,6,5,7,4,4,5,5,3,3,3,1.688,1.688,2.746,1,3,111.888,133.879,135.18,16,5,5,3,6,6,4,1,5,5,5,6,4,6,6,3,1.894,1.894,3.39,1,2,37.215301513672,-93.298202514648,-1,
R_3iOrVlCEMXeXrQ2,Default Response Set,Anonymous,,,146.7.4.88,0,2017-08-31 16:21:52,2017-08-31 16:29:41,1,53113,1.76,1.76,3.028,1,1,1.155,96.119,252.739,10,1,21.569,146.352,147.511,21,6,6,5,7,4,6,4,6,4,6,6,5,7,6,7,4.447,4.447,6.586,1,1,3.539,16.609,28.152,16,5,4,3,5,4,2,6,3,6,3,3,6,1,6,4,1.688,1.688,2.531,1,3,0,0,18.699,0,6,4,1,1,7,2,3,2,1,4,3,1,1,2,5,2.992,2.992,3.992,1,2,37.215301513672,-93.298202514648,-1,
R_1OP7xkfNLuf6UqO,Default Response Set,Anonymous,,,146.7.4.91,0,2017-08-31 09:37:03,2017-08-31 16:47:12,1,53684,3.489,6.37,9.347,2,1,25369.744,25369.744,25372.272,1,1,12.149,80.978,82.563,17,7,4,4,6,5,5,4,7,4,6,4,7,6,6,7,3.248,3.248,5.175,1,1,26.323,38.775,43.854,16,6,6,6,6,6,6,6,6,6,6,6,6,6,6,6,4.848,4.848,6.809,1,3,13.859,24.929,25.522,3,6,6,4,4,7,4,1,3,2,6,4,7,4,7,5,3.267,3.267,5.135,1,2,37.215301513672,-93.298202514648,-1,
R_SVonLEZSg2dyy1b,Default Response Set,Anonymous,,,146.7.4.91,0,2017-08-31 17:43:26,2017-08-31 17:48:34,1,52626,0,0,8.353,0,,184.608,184.608,185.324,1,1,4.589,50.288,51.385,15,6,5,5,7,4,6,6,3,6,6,5,6,5,6,7,1.758,1.758,2.574,1,1,2.951,31.11,31.984,17,5,2,6,5,5,3,3,3,1,3,1,3,1,7,3,1.288,1.288,1.932,1,3,0,0,19.963,0,5,2,4,6,4,1,2,2,6,2,4,6,7,1,5,1.664,1.664,2.567,1,2,37.215301513672,-93.298202514648,-1,
R_3J7OIUyDtoGkEQO,Default Response Set,Anonymous,,,146.7.4.83,0,2017-08-31 18:56:43,2017-08-31 19:04:53,1,52192,4.07,4.07,5.664,1,1,266.635,266.635,284.577,1,1,6.458,57.291,58.092,15,6,7,5,5,5,7,6,7,5,7,5,5,7,5,7,2.47,2.47,3.612,1,1,1.14,26.012,33.512,16,3,4,7,4,2,6,1,4,2,1,2,1,5,3,3,2.401,2.401,3.463,1,3,48.88,48.88,55.02,1,5,7,2,3,2,4,3,7,5,1,5,2,2,4,1,2.174,2.174,3.246,1,2,37.215301513672,-93.298202514648,-1,
R_2Qs32E0Y3JspZ1X,Default Response Set,Anonymous,,,146.7.4.86,0,2017-08-31 19:31:02,2017-08-31 19:36:39,1,53222,14.733,14.733,17.669,1,1,9.752,64.399,177.528,8,1,2.643,41.551,42.324,17,6,7,6,6,6,6,7,6,6,6,6,6,6,6,7,11.44,11.44,14.306,1,2,13.012,28.524,29.846,15,3,3,2,5,2,5,6,2,7,1,4,1,6,4,3,2.596,2.596,3.813,1,3,9.533,41.435,42.116,22,7,6,6,7,6,6,6,6,6,6,6,6,6,7,6,2.416,2.416,4.274,1,2,37.215301513672,-93.298202514648,-1,
R_2s6I13C7XaAdyIP,Default Response Set,Anonymous,,,146.7.4.82,0,2017-08-31 19:52:28,2017-08-31 20:06:49,1,51712,4.395,4.395,6.782,1,1,318.727,318.737,324.846,2,1,9.284,269.238,270.769,19,6,4,5,7,4,4,5,4,5,5,2,3,4,5,7,2.746,2.746,4.46,1,1,2.149,51.77,54.314,17,5,4,5,4,3,3,6,6,2,2,2,4,1,3,5,3.071,3.071,5.723,1,3,0,0,12.37,0,2,6,5,5,4,6,5,5,6,1,3,2,4,1,5,4.472,4.472,6.218,1,2,37.215301513672,-93.298202514648,-1,
R_xlncYFJpFZ6Nq3T,Default Response Set,Anonymous,,,146.7.4.92,0,2017-08-31 20:24:26,2017-08-31 20:30:51,1,52560,2.469,2.469,4.649,1,1,241.397,241.397,255.54,1,1,4.318,30.194,31.638,15,7,7,7,7,7,7,7,7,7,7,7,7,7,7,7,2.319,2.319,3.787,1,1,8.09,22.253,23.424,15,5,3,2,2,6,1,7,4,1,4,3,3,6,5,2,1.983,1.983,2.976,1,3,0,0,55.519,0,5,7,7,4,1,3,5,5,7,3,7,3,2,1,1,2.509,2.509,3.703,1,2,37.215301513672,-93.298202514648,-1,
R_tMS75eVhemRlocx,Default Response Set,Anonymous,,,146.7.4.91,0,2017-08-31 21:42:44,2017-08-31 21:52:44,1,53571,9.436,9.436,14.199,1,1,73.969,93.016,271.39,2,1,19.286,71.202,72.078,15,6,6,6,7,6,6,6,6,6,6,6,7,6,6,7,2.466,2.466,4.449,1,1,11.087,35.535,37.316,16,4,2,5,3,4,4,6,2,3,6,5,6,2,7,1,2.465,2.465,4.292,1,3,12.342,170.377,175.448,18,6,6,6,7,1,5,6,6,4,7,6,7,5,7,7,15.266,15.266,16.784,1,3,37.215301513672,-93.298202514648,-1,
R_3n6o1diJjCZQcr2,Default Response Set,Anonymous,,,73.217.229.250,0,2017-09-01 09:42:02,2017-09-01 09:52:01,1,52567,28.977,116.696,124.296,5,1,6.5,269.608,272.761,2,1,4.525,95.003,97.232,16,5,6,2,4,3,6,4,5,6,6,5,5,7,4,7,2.897,2.897,5.191,1,1,2.954,24.528,25.521,28,4,4,5,5,2,2,5,3,5,3,1,6,6,6,6,2.513,2.513,4.389,1,3,54.085,54.085,57.582,1,2,4,2,5,6,4,3,4,1,3,5,6,5,4,7,3.235,3.235,5.034,1,2,39.022399902344,-94.315696716309,-1,
R_enuaAtNWOuJpgWZ,Default Response Set,Anonymous,,,146.7.4.75,0,2017-09-01 10:01:55,2017-09-01 10:09:26,1,51684,66.773,66.773,69.784,1,1,68.119,76.293,221.797,3,1,6.657,63.789,70.862,17,7,7,7,7,7,7,7,7,7,7,7,7,7,6,7,2.01,2.01,3.642,1,1,3.877,52.488,55.024,28,6,2,5,3,6,5,4,6,4,6,3,7,7,2,1,2.364,2.364,5.157,1,3,0,0,14.394,0,3,4,4,5,3,5,2,1,4,3,5,1,4,4,6,4.227,4.227,6.121,1,2,37.215301513672,-93.298202514648,-1,
R_3g7R1xXLRXKFUv2,Default Response Set,Anonymous,,,146.7.4.84,0,2017-08-31 22:23:57,2017-09-01 12:26:21,1,52479,61.654,61.654,65.273,1,1,3.984,60.645,384.451,5,1,6.554,142.671,143.458,17,7,6,6,7,7,7,7,7,6,4,6,6,6,5,7,2.561,2.561,4.086,1,1,6.846,25.484,26.72,15,4,2,5,4,5,2,3,4,1,6,2,7,3,3,6,2.961,2.961,4.688,1,3,0,0,71.523,0,5,6,1,2,7,2,1,2,1,4,5,1,4,3,3,1.671,1.671,3.119,1,2,37.215301513672,-93.298202514648,-1,
R_uw5p22dhBrLztnj,Default Response Set,Anonymous,,,162.237.232.192,0,2017-09-01 12:27:11,2017-09-01 12:35:51,1,52648,5.597,5.597,64.868,1,1,15.63,113.854,124.537,8,1,15.154,167.226,169.437,16,5,6,4,6,4,5,5,6,4,7,6,7,7,5,7,1.654,1.654,3.176,1,1,1.853,12.893,17.176,19,3,5,2,4,1,2,3,3,6,3,2,5,2,5,6,1.359,1.359,2.513,1,3,30.706,119.419,120.694,18,4,5,4,5,4,5,6,6,6,7,6,5,7,6,7,5.752,10.608,14.578,2,2,37.129104614258,-93.515098571777,-1,
R_2ZEyueUfXVG6cSk,Default Response Set,Anonymous,,,146.7.4.90,0,2017-09-01 13:11:46,2017-09-01 13:27:49,1,52662,6.918,6.918,8.887,1,1,5.135,86.33,657.376,2,1,10.246,87.52,91.738,16,5,6,4,6,4,6,6,6,5,7,5,6,7,5,7,3.951,3.951,5.866,1,1,3.821,26.963,33.315,15,4,2,5,3,6,4,7,6,3,2,2,4,3,6,3,2.66,2.66,5.373,1,3,20.973,60.617,71.914,2,5,3,5,6,5,4,6,6,4,6,3,5,7,2,4,4.045,4.045,5.742,1,2,37.215301513672,-93.298202514648,-1,
R_1LIHer3MrwTi1rz,Default Response Set,Anonymous,,,146.7.4.84,0,2017-09-01 13:50:09,2017-09-01 13:55:52,1,52758,1.98,1.98,3.203,1,1,1.731,74.365,249.145,3,1,8.195,47,52.174,15,5,6,5,5,6,6,7,6,5,6,5,6,5,4,7,1.411,1.411,2.611,1,1,2.143,20.685,21.919,17,4,4,5,4,6,5,1,3,7,6,1,4,3,5,2,2.109,2.109,3.423,1,3,0,0,4.125,0,3,1,4,5,7,3,1,1,5,7,7,7,4,3,6,1.492,1.492,2.611,1,2,37.215301513672,-93.298202514648,-1,
R_DBqZUICGt7Kw5VL,Default Response Set,Anonymous,,,50.81.23.2,0,2017-09-01 15:17:58,2017-09-01 15:24:31,1,53146,2.025,2.025,3.262,1,1,146.505,146.505,148.101,1,1,10.725,38.335,39.044,16,7,2,5,5,7,7,6,4,3,7,5,7,1,7,7,0.777,0.777,2.082,1,1,8.101,19.96,22.382,15,4,5,1,4,3,4,4,3,2,5,2,6,6,2,6,2.641,2.641,3.942,1,3,39.66,145.965,146.92,19,7,5,4,7,5,6,5,5,2,7,4,7,2,6,7,12.602,12.602,15.497,1,2,37.170196533203,-93.329696655273,-1,
R_2Ska9gm9qP2G2V5,Default Response Set,Anonymous,,,146.7.4.84,0,2017-09-01 19:05:22,2017-09-01 19:11:20,1,53124,6.181,14.779,16.574,3,1,2.866,98.713,146.421,8,1,5.968,30.235,31.343,17,7,7,7,7,7,7,7,7,7,7,7,7,7,7,7,2.161,2.161,3.883,1,1,5.344,68.165,69.562,19,7,7,7,7,7,7,7,7,7,7,7,7,7,7,7,8.499,8.499,22.351,1,1,1.693,53.139,56.886,16,7,7,7,7,7,7,7,7,7,7,7,7,7,7,7,3.818,3.818,6.674,1,1,37.215301513672,-93.298202514648,-1,
R_1F3UHzKi6E6dEc9,Default Response Set,Anonymous,,,75.98.102.146,0,2017-08-27 19:53:56,2017-08-27 19:54:37,0,53503,23.448,23.448,25.932,1,1,,,,,,,,,,,,,,,,,,,,,,,,,,,,,,,,,,,,,,,,,,,,,,,,,,,,,,,,,,,,,,,,,,,,,,,,,,,,,,,,-1,
R_29jsbbCcxo0YHzf,Default Response Set,Anonymous,,,146.7.4.91,0,2017-08-27 21:59:27,2017-08-27 21:59:45,0,52969,0.789,14.941,16.468,9,1,,,,,,,,,,,,,,,,,,,,,,,,,,,,,,,,,,,,,,,,,,,,,,,,,,,,,,,,,,,,,,,,,,,,,,,,,,,,,,,,-1,
R_2rCL4CJ2IopAoin,Default Response Set,Anonymous,,,104.5.122.50,0,2017-08-27 22:01:56,2017-08-27 22:02:04,0,52041,1.952,5.633,6.702,6,,,,,,,,,,,,,,,,,,,,,,,,,,,,,,,,,,,,,,,,,,,,,,,,,,,,,,,,,,,,,,,,,,,,,,,,,,,,,,,,,-1,
R_DGGHLQSZ8xHmyXv,Default Response Set,Anonymous,,,146.7.4.74,0,2017-08-28 12:41:10,2017-08-28 12:41:49,0,52980,1.77,36.033,37.334,15,1,,,,,,,,,,,,,,,,,,,,,,,,,,,,,,,,,,,,,,,,,,,,,,,,,,,,,,,,,,,,,,,,,,,,,,,,,,,,,,,,-1,
R_1OIV3EQDwn89SOJ,Default Response Set,Anonymous,,,146.7.4.85,0,2017-08-28 10:23:50,2017-08-28 13:34:08,0,53048,3.826,3.826,5.403,1,1,273.494,406.516,603.687,12,1,16.463,65.792,67.49,15,6,6,4,7,3,5,6,5,3,7,5,6,7,3,7,7.085,7.085,8.778,1,1,46.501,90.331,92.627,17,1,7,2,4,3,2,4,5,4,3,5,5,1,7,3,2.504,2.504,5.448,1,3,,,,,,,,,,,,,,,,,,,,,,,,,,,-1,
R_2VEXLyIyuXl8DRc,Default Response Set,Anonymous,,,146.7.4.88,0,2017-08-29 14:10:57,2017-08-29 14:12:36,0,52147,3.205,4.676,6.186,3,1,,,,,,,,,,,,,,,,,,,,,,,,,,,,,,,,,,,,,,,,,,,,,,,,,,,,,,,,,,,,,,,,,,,,,,,,,,,,,,,,-1,
R_cAB94hxHGoxKNc5,Default Response Set,Anonymous,,,146.7.4.87,0,2017-08-30 11:59:19,2017-08-30 12:02:45,0,53103,2.617,2.617,3.688,1,1,,,,,,,,,,,,,,,,,,,,,,,,,,,,,,,,,,,,,,,,,,,,,,,,,,,,,,,,,,,,,,,,,,,,,,,,,,,,,,,,-1,
R_2v0sOsNoTlbp8Rs,Default Response Set,Anonymous,,,146.7.4.88,0,2017-08-29 16:05:58,2017-08-29 16:06:27,0,52135,1.254,1.509,2.385,2,1,,,,,,,,,,,,,,,,,,,,,,,,,,,,,,,,,,,,,,,,,,,,,,,,,,,,,,,,,,,,,,,,,,,,,,,,,,,,,,,,-1,
R_3qQXhkRj9whXHOV,Default Response Set,Anonymous,,,69.55.158.101,0,2017-08-28 21:16:29,2017-08-28 21:19:56,0,53247,10.865,160.414,162.125,12,1,,,,,,,,,,,,,,,,,,,,,,,,,,,,,,,,,,,,,,,,,,,,,,,,,,,,,,,,,,,,,,,,,,,,,,,,,,,,,,,,-1,
R_1jkoWtHeWFh2Fet,Default Response Set,Anonymous,,,172.58.139.207,0,2017-08-28 21:40:26,2017-08-28 21:42:40,0,52244,6.362,11.266,12.812,5,1,,,,,,,,,,,,,,,,,,,,,,,,,,,,,,,,,,,,,,,,,,,,,,,,,,,,,,,,,,,,,,,,,,,,,,,,,,,,,,,,-1,
R_3I9ttCm5zNSQQjX,Default Response Set,Anonymous,,,173.218.88.84,0,2017-08-28 22:07:56,2017-08-28 22:08:55,0,52030,2.93,53.946,55.575,35,,,,,,,,,,,,,,,,,,,,,,,,,,,,,,,,,,,,,,,,,,,,,,,,,,,,,,,,,,,,,,,,,,,,,,,,,,,,,,,,,-1,
R_3KAx68qw0Ix9rpu,Default Response Set,Anonymous,,,146.7.4.82,0,2017-08-29 09:41:33,2017-08-31 17:35:50,0,53710,17.705,17.705,19.891,1,1,,,,,,,,,,,,,,,,,,,,,,,,,,,,,,,,,,,,,,,,,,,,,,,,,,,,,,,,,,,,,,,,,,,,,,,,,,,,,,,,-1,
R_2ftVdoh0hPxaeTD,Default Response Set,Anonymous,,,146.7.112.10,0,2017-08-29 17:14:04,2017-08-29 17:14:34,0,53146,3.659,3.659,5.346,1,1,,,,,,,,,,,,,,,,,,,,,,,,,,,,,,,,,,,,,,,,,,,,,,,,,,,,,,,,,,,,,,,,,,,,,,,,,,,,,,,,-1,
R_8ociJGKzYRSaipb,Default Response Set,Anonymous,,,12.50.138.209,0,2017-08-29 16:11:14,2017-08-29 16:26:33,0,53115,5.117,6.898,8.979,2,1,603.114,653.128,673.43,3,1,,,,,,,,,,,,,,,,,,,,,,,,,,,,,,,,,,,,,,,,,,,,,,,,,,,,,,,,,,,,,,,,,,,,,,,,,,,-1,
R_bdpMMZs8MpZCAGl,Default Response Set,Anonymous,,,146.7.4.89,0,2017-08-29 17:28:04,2017-08-29 17:28:38,0,51587,10.068,25.074,25.105,10,1,,,,,,,,,,,,,,,,,,,,,,,,,,,,,,,,,,,,,,,,,,,,,,,,,,,,,,,,,,,,,,,,,,,,,,,,,,,,,,,,-1,
R_1FKTkA65Srv6YGy,Default Response Set,Anonymous,,,173.19.49.187,0,2017-08-29 20:50:51,2017-08-29 20:51:14,0,52252,2.355,2.355,3.313,1,1,,,,,,,,,,,,,,,,,,,,,,,,,,,,,,,,,,,,,,,,,,,,,,,,,,,,,,,,,,,,,,,,,,,,,,,,,,,,,,,,-1,
R_2fjMqYDl0RcKo5q,Default Response Set,Anonymous,,,198.209.8.227,0,2017-08-30 20:34:28,2017-08-30 20:37:39,0,53196,4.578,4.578,8.376,1,1,,,,,,,,,,,,,,,,,,,,,,,,,,,,,,,,,,,,,,,,,,,,,,,,,,,,,,,,,,,,,,,,,,,,,,,,,,,,,,,,-1,
R_ssSw9nHZrxuVhIJ,Default Response Set,Anonymous,,,146.7.4.87,0,2017-08-30 11:47:31,2017-08-30 11:55:16,0,53103,34.326,34.326,35.828,1,1,299.995,299.995,302.303,1,1,,,,,,,,,,,,,,,,,,,,,,,,,,,,,,,,,,,,,,,,,,,,,,,,,,,,,,,,,,,,,,,,,,,,,,,,,,,-1,
R_2QMVe5OlTtIj2t2,Default Response Set,Anonymous,,,146.7.112.238,0,2017-08-31 13:31:55,2017-08-31 13:50:45,0,53573,4.154,5.174,6.08,2,1,1.912,209.397,209.834,4,1,3.057,38.984,39.926,17,7,7,7,7,6,7,7,6,7,7,7,7,7,6,7,2.072,5.293,6.905,2,2,,,,,,,,,,,,,,,,,,,,,,,,,,,,,,,,,,,,,,,,,,,,,,,,,,,-1,
R_3EuOrVIELttdf9n,Default Response Set,Anonymous,,,146.7.4.84,0,2017-09-01 13:36:06,2017-09-01 13:53:16,0,52758,94.646,94.646,103.496,1,1,261.566,440.64,442.419,2,1,5.308,93.647,99.955,17,5,6,5,5,5,6,7,6,4,6,4,5,6,5,7,1.89,1.89,3.322,1,1,7.251,25.378,45.039,15,5,2,4,2,5,6,5,2,7,3,3,2,1,6,4,2.108,2.108,3.695,1,3,,,,,,,,,,,,,,,,,,,,,,,,,,,-1,
R_1GwU3PaT2rKzNVM,Default Response Set,Anonymous,,,50.81.23.2,0,2017-09-01 15:11:22,2017-09-01 15:24:46,0,53146,2.624,2.624,3.666,1,1,,,,,,,,,,,,,,,,,,,,,,,,,,,,,,,,,,,,,,,,,,,,,,,,,,,,,,,,,,,,,,,,,,,,,,,,,,,,,,,,-1,
R_2zIK8EVQdfv3OjR,Default Response Set,Anonymous,,,146.7.4.83,0,2017-08-27 19:51:34,2017-08-27 20:05:45,0,52038,21.516,102.668,106.87,7,1,274.222,274.222,275.672,1,1,86.155,173.22,174.843,18,5,6,3,6,4,5,3,6,5,6,5,5,5,4,7,7.508,7.508,9.124,1,1,12.981,47.638,55.868,21,3,2,5,6,3,6,4,1,7,6,5,3,1,4,4,2.687,2.687,3.943,1,3,,,,,,,,,,,,,,,,,,,,,,,,,,,-1,
R_1HXB2jT7FeAC6d3,Default Response Set,Anonymous,,,146.7.4.85,0,2017-08-28 10:20:38,2017-08-28 10:21:18,0,53048,3.681,37.621,38.608,23,1,,,,,,,,,,,,,,,,,,,,,,,,,,,,,,,,,,,,,,,,,,,,,,,,,,,,,,,,,,,,,,,,,,,,,,,,,,,,,,,,-1,
R_p035FnM49cIbeNj,Default Response Set,Anonymous,,,146.7.4.92,0,2017-08-28 14:31:23,2017-08-28 14:41:42,0,53245,3.865,3.865,5.578,1,1,199.443,199.443,201.405,1,1,,,,,,,,,,,,,,,,,,,,,,,,,,,,,,,,,,,,,,,,,,,,,,,,,,,,,,,,,,,,,,,,,,,,,,,,,,,-1,
R_vw6CoXYFKksmnux,Default Response Set,Anonymous,,,12.50.138.241,0,2017-08-29 15:57:07,2017-08-29 15:58:15,0,53094,2.966,2.966,36.728,1,1,,,,,,,,,,,,,,,,,,,,,,,,,,,,,,,,,,,,,,,,,,,,,,,,,,,,,,,,,,,,,,,,,,,,,,,,,,,,,,,,-1,
R_1jWmdGasrVWPT7S,Default Response Set,Anonymous,,,146.7.4.76,0,2017-08-29 09:03:02,2017-08-29 09:03:16,0,53115,1.881,10.564,11.616,12,1,,,,,,,,,,,,,,,,,,,,,,,,,,,,,,,,,,,,,,,,,,,,,,,,,,,,,,,,,,,,,,,,,,,,,,,,,,,,,,,,-1,
R_sIie0TJeZ6T9MAN,Default Response Set,Anonymous,,,146.7.4.75,0,2017-08-30 11:29:19,2017-08-30 11:29:30,0,52074,1.398,4.74,5.853,4,1,,,,,,,,,,,,,,,,,,,,,,,,,,,,,,,,,,,,,,,,,,,,,,,,,,,,,,,,,,,,,,,,,,,,,,,,,,,,,,,,-1,
R_2ccnpJxI7biKQjA,Default Response Set,Anonymous,,,146.7.4.75,0,2017-08-30 11:30:04,2017-08-30 11:37:02,0,52074,0.779,2.278,3.5,3,1,,,,,,,,,,,,,,,,,,,,,,,,,,,,,,,,,,,,,,,,,,,,,,,,,,,,,,,,,,,,,,,,,,,,,,,,,,,,,,,,-1,
R_3qKft0eSH7v1f8K,Default Response Set,Anonymous,,,146.7.4.88,0,2017-08-30 14:26:43,2017-08-30 14:30:56,0,53218,11.498,11.498,13.078,1,1,,,,,,,,,,,,,,,,,,,,,,,,,,,,,,,,,,,,,,,,,,,,,,,,,,,,,,,,,,,,,,,,,,,,,,,,,,,,,,,,-1,
R_bEGQHINVkzUhQqt,Default Response Set,Anonymous,,,146.7.4.84,0,2017-08-30 15:18:37,2017-08-30 16:58:50,0,51643,6.671,8.772,21.045,3,,,,,,,,,,,,,,,,,,,,,,,,,,,,,,,,,,,,,,,,,,,,,,,,,,,,,,,,,,,,,,,,,,,,,,,,,,,,,,,,,-1,
R_2c0mtKT0gnbkQKn,Default Response Set,Anonymous,,,173.27.240.95,0,2017-08-31 19:06:39,2017-08-31 19:22:01,0,52751,0,0,2.251,0,,,,,,,,,,,,,,,,,,,,,,,,,,,,,,,,,,,,,,,,,,,,,,,,,,,,,,,,,,,,,,,,,,,,,,,,,,,,,,,,,-1,
R_2WI3gGso4SqbbS7,Default Response Set,Anonymous,,,146.7.4.82,0,2017-08-31 19:46:53,2017-08-31 19:58:12,0,52075,7.287,7.287,9.173,1,1,,,,,,,,,,,,,,,,,,,,,,,,,,,,,,,,,,,,,,,,,,,,,,,,,,,,,,,,,,,,,,,,,,,,,,,,,,,,,,,,-1,
R_cLPvSakDpfZqwwN,Default Response Set,Anonymous,,,173.218.88.84,0,2017-08-31 22:59:13,2017-08-31 23:20:46,0,52030,4.701,6.846,9.451,2,1,,,,,,,,,,,,,,,,,,,,,,,,,,,,,,,,,,,,,,,,,,,,,,,,,,,,,,,,,,,,,,,,,,,,,,,,,,,,,,,,-1,
R_1g8vYFDJ9sCVCMy,Default Response Set,Anonymous,,,146.7.4.84,0,2017-08-31 22:12:49,2017-08-31 22:26:08,0,52479,4.338,4.338,7.113,1,1,306.967,306.967,308.194,1,1,,,,,,,,,,,,,,,,,,,,,,,,,,,,,,,,,,,,,,,,,,,,,,,,,,,,,,,,,,,,,,,,,,,,,,,,,,,-1,
R_1PXVE9fYqOZgBlp,Default Response Set,Anonymous,,,173.218.88.84,0,2017-08-31 23:20:49,2017-08-31 23:21:08,0,52030,3.249,4.765,6.27,2,1,,,,,,,,,,,,,,,,,,,,,,,,,,,,,,,,,,,,,,,,,,,,,,,,,,,,,,,,,,,,,,,,,,,,,,,,,,,,,,,,-1,
R_1eCAQsyVM1gJYBH,Default Response Set,Anonymous,,,70.195.84.38,0,2017-09-01 13:42:43,2017-09-01 13:45:10,0,51575,3.131,4.609,8.535,2,1,,,,,,,,,,,,,,,,,,,,,,,,,,,,,,,,,,,,,,,,,,,,,,,,,,,,,,,,,,,,,,,,,,,,,,,,,,,,,,,,-1,
R_2sSJMr1v4V8jXbP,Default Response Set,Anonymous,,,146.7.4.92,0,2017-09-01 15:47:08,2017-09-01 15:47:12,0,53518,0.789,1.804,2.655,3,,,,,,,,,,,,,,,,,,,,,,,,,,,,,,,,,,,,,,,,,,,,,,,,,,,,,,,,,,,,,,,,,,,,,,,,,,,,,,,,,-1,
R_qEFdRv0NLq6vhQd,Default Response Set,Anonymous,,,108.211.251.113,0,2017-08-27 20:53:44,2017-08-27 21:14:13,0,52983,105.581,105.581,106.777,1,1,,,,,,,,,,,,,,,,,,,,,,,,,,,,,,,,,,,,,,,,,,,,,,,,,,,,,,,,,,,,,,,,,,,,,,,,,,,,,,,,-1,
R_2UgQDSaxkpu8KmT,Default Response Set,Anonymous,,,146.7.4.84,0,2017-08-27 22:32:40,2017-08-27 22:35:12,0,53006,46.202,46.202,47.646,1,1,,,,,,,,,,,,,,,,,,,,,,,,,,,,,,,,,,,,,,,,,,,,,,,,,,,,,,,,,,,,,,,,,,,,,,,,,,,,,,,,-1,
R_6h5F25jVHE5Dnrj,Default Response Set,Anonymous,,,146.7.4.77,0,2017-08-28 11:28:01,2017-08-28 11:33:45,0,53236,3.735,3.735,5.016,1,1,,,,,,,,,,,,,,,,,,,,,,,,,,,,,,,,,,,,,,,,,,,,,,,,,,,,,,,,,,,,,,,,,,,,,,,,,,,,,,,,-1,
R_Byrq7i1rwPmLNzb,Default Response Set,Anonymous,,,146.7.4.78,0,2017-08-30 09:55:23,2017-08-30 09:56:01,0,53255,21.445,21.445,23.886,1,1,,,,,,,,,,,,,,,,,,,,,,,,,,,,,,,,,,,,,,,,,,,,,,,,,,,,,,,,,,,,,,,,,,,,,,,,,,,,,,,,-1,
R_3qxm6ohaN5TfhyX,Default Response Set,Anonymous,,,146.7.4.83,0,2017-08-28 12:21:06,2017-08-28 12:21:36,0,52458,2.021,25.855,27.635,14,,,,,,,,,,,,,,,,,,,,,,,,,,,,,,,,,,,,,,,,,,,,,,,,,,,,,,,,,,,,,,,,,,,,,,,,,,,,,,,,,-1,
R_262OlwyQzkK0Q5J,Default Response Set,Anonymous,,,12.50.138.226,0,2017-08-29 16:03:31,2017-08-29 16:06:31,0,52132,3.05,3.05,4.915,1,1,,,,,,,,,,,,,,,,,,,,,,,,,,,,,,,,,,,,,,,,,,,,,,,,,,,,,,,,,,,,,,,,,,,,,,,,,,,,,,,,-1,
R_3rV9mde2obWthUv,Default Response Set,Anonymous,,,146.7.4.88,0,2017-08-30 14:32:29,2017-08-30 14:38:06,0,53218,0,0,2.378,0,,,,,,,,,,,,,,,,,,,,,,,,,,,,,,,,,,,,,,,,,,,,,,,,,,,,,,,,,,,,,,,,,,,,,,,,,,,,,,,,,-1,
R_3kAnwuGyQcQwfhx,Default Response Set,Anonymous,,,146.7.4.87,0,2017-08-30 20:22:41,2017-08-30 20:27:18,0,53141,4.368,63.903,65.423,2,1,,,,,,,,,,,,,,,,,,,,,,,,,,,,,,,,,,,,,,,,,,,,,,,,,,,,,,,,,,,,,,,,,,,,,,,,,,,,,,,,-1,
R_3MbNIleZ8bzl4fP,Default Response Set,Anonymous,,,146.7.4.87,0,2017-08-30 18:32:26,2017-08-30 18:40:59,0,53573,1.084,2.749,3.757,4,1,8.891,29.266,382.925,12,1,4.339,52.617,53.563,35,6,7,7,6,6,7,7,5,6,7,7,7,7,7,7,0.091,9.834,9.876,5,1,4.369,50.134,54.174,36,7,7,7,7,6,7,7,6,6,7,7,7,7,7,7,2.707,3.607,3.642,3,1,,,,,,,,,,,,,,,,,,,,,,,,,,,-1,
R_28SZnhDQetziTjb,Default Response Set,Anonymous,,,146.7.4.84,0,2017-08-31 09:33:38,2017-08-31 09:37:54,0,53172,4.51,8.277,9.418,7,,6.019,241.299,244.948,9,,,,,,,,,,,,,,,,,,,,,,,,,,,,,,,,,,,,,,,,,,,,,,,,,,,,,,,,,,,,,,,,,,,,,,,,,,,,-1,
R_2RPqcjzwY9gprZy,Default Response Set,Anonymous,,,146.7.4.82,0,2017-08-31 19:52:41,2017-08-31 19:55:11,0,52075,6.093,6.093,7.421,1,1,,,,,,,,,,,,,,,,,,,,,,,,,,,,,,,,,,,,,,,,,,,,,,,,,,,,,,,,,,,,,,,,,,,,,,,,,,,,,,,,-1,
R_3FRmtk6eznH70Du,Default Response Set,Anonymous,,,75.20.146.7,0,2017-09-01 21:05:46,2017-09-01 21:05:57,0,53813,1.773,8.407,9.175,13,1,,,,,,,,,,,,,,,,,,,,,,,,,,,,,,,,,,,,,,,,,,,,,,,,,,,,,,,,,,,,,,,,,,,,,,,,,,,,,,,,-1,
R_1N545Z0NDJfE7eo,Default Response Set,Anonymous,,,107.77.209.96,0,2017-08-27 18:44:28,2017-08-27 18:58:29,0,53562,1.924,4.406,5.989,5,1,5.934,369.412,372.598,2,1,,,,,,,,,,,,,,,,,,,,,,,,,,,,,,,,,,,,,,,,,,,,,,,,,,,,,,,,,,,,,,,,,,,,,,,,,,,-1,
R_1eXAmFvYRLXF7hw,Default Response Set,Anonymous,,,146.7.4.87,0,2017-08-28 14:30:34,2017-08-28 14:32:35,0,52458,3.463,3.463,4.545,1,1,,,,,,,,,,,,,,,,,,,,,,,,,,,,,,,,,,,,,,,,,,,,,,,,,,,,,,,,,,,,,,,,,,,,,,,,,,,,,,,,-1,
R_wZXjYwvjMyHJAhr,Default Response Set,Anonymous,,,146.7.4.92,0,2017-08-29 07:20:00,2017-08-29 07:29:27,0,52987,94.775,94.775,96.75,1,1,,,,,,,,,,,,,,,,,,,,,,,,,,,,,,,,,,,,,,,,,,,,,,,,,,,,,,,,,,,,,,,,,,,,,,,,,,,,,,,,-1,
R_1Lu4XBtjDecJUrh,Default Response Set,Anonymous,,,173.218.88.84,0,2017-08-31 23:09:54,2017-08-31 23:10:46,0,52030,4.045,5.505,7.006,2,1,,,,,,,,,,,,,,,,,,,,,,,,,,,,,,,,,,,,,,,,,,,,,,,,,,,,,,,,,,,,,,,,,,,,,,,,,,,,,,,,-1,
R_2yrukMTNlk2saYj,Default Response Set,Anonymous,,,146.7.4.83,0,2017-09-01 16:54:23,2017-09-01 16:54:39,0,52576,2.489,2.489,3.816,1,1,,,,,,,,,,,,,,,,,,,,,,,,,,,,,,,,,,,,,,,,,,,,,,,,,,,,,,,,,,,,,,,,,,,,,,,,,,,,,,,,-1,
